channelId,name,name.en,affiliation,group,subscriptionCount,videoCount
UCJFZiqLMntJufDCHc6bQixg,hololive ãƒ›ãƒ­ãƒ©ã‚¤ãƒ– - VTuber Group,Hololive VTuber Group,Hololive,,1240000,217
UCfrWoRGlawPQDQxxeIDRP0Q,hololive Indonesia,Hololive Indonesia,Hololive,,139000,27
UCotXwY6s8pWmuWd_snKYjhg,hololive English,Hololive English,Hololive,,148000,4
UCWsfcksUUpoEvhia0_ut0bA,holostars ãƒ›ãƒ­ã‚¹ã‚¿ãƒ¼ã‚º - VTuber Group,Holostars Official,Hololive,,74700,28
UCp6993wxpyDPHUpavwDFqgg,SoraCh. ã¨ãã®ãã‚‰ãƒãƒ£ãƒ³ãƒãƒ«,Tokino Sora,Hololive,,766000,401
UC2hWFlqMew61Jy6A8zu5HzQ,Iku Hoshifuri / æ˜Ÿé™ã„ã [PRISM Project],Hoshifuri Iku,PRISM,Generation1,17800,79
UCBJFsaCvgBa1a9BnEaxu97Q,Rita Kamishiro / ç¥ä»£ã‚ŠãŸ [PRISM Project],Kamishiro Rita,PRISM,Generation1,6210,62
UCnYhIk9aGEx_bIgheVjs53w,Luto Araka / æ–°ç«ã‚‹ã¨ [PRISM Project],Araka Luto,PRISM,Generation1,13600,55
UCRWF6QSuklmwY3UJHyVTQ1w,Aoi Tokimori / æ™‚å®ˆã‚ãŠã„ [PRISM Project],Tokimori Aoi,PRISM,Generation1,6340,82
UCZfQRuwSLty74QAj55BaKlA,Meno Ibuki / ä¼Šå¹ã‚ã® [PRISM Project],Ibuki Meno,PRISM,Generation1,5960,134
UCX7YkU9nEeaoZbkVLVajcMg,ã«ã˜ã•ã‚“ã˜,Nijisanji,Nijisanji,Official,680000,725
UC8NZiqKx6fsDT3AVcMiVFyA,çŠ¬å±±ãŸã¾ã / ä½ƒç…®ã®ã‚ŠãŠãƒãƒ£ãƒ³ãƒãƒ«,Inuyama Tamaki,Nori Pro,TAMAKI,639000,668
UCC0i9nECi4Gz7TU63xZwodg,ç™½é›ªã¿ã—ã‚Shirayuki Mishiro,Shirayuki Mishiro,Nori Pro,Gen 1,161000,480
UCCXME7oZmXB2VFHJbz5496A,ç†Šè°·ã‚¿ã‚¯ãƒKumagaya Takuma,Kumagaya Takuma,Nori Pro,Gen 1,48500,25
UCJCzy0Fyrm0UhIrGQ7tHpjg,æ„›å®®ã¿ã‚‹ãMilk Enomiya,Enomiya Milk,Nori Pro,Gen 1,97800,239
UCle1cz6rcyH0a-xoMYwLlAg,å§«å’²ã‚†ãšã‚‹Himesaki Yuzuru,Himesaki Yuzuru,Nori Pro,Gen 1,69100,163
UC6oDys1BGgBsIC3WhG1BovQ,Shizuka Rin Official,Shizuka Rin,Nijisanji,Wave 1,330000,1019
UCD-miitqNY3nyukJ4Fnf4_A,æœˆãƒç¾å…,Tsukino Mito,Nijisanji,Wave 1,742000,490
UCeK9HFcRZoTrvqcUCtccMoQ,æ¸‹è°·ãƒã‚¸ãƒ¡ã®ã¯ã˜ã‚æ”¯éƒ¨,Shibuya Hajime,Nijisanji,Wave 1,129000,1207
UCLO9QDxVL4bnvRRsz6K4bsQ,å‹‡æ°—ã¡ã²ã‚,Yuuki Chihiro,Nijisanji,Wave 1,467000,856
UCpnvhOIJ6BN-vPkYU9ls-Eg,éˆ´è°·ã‚¢ã‚­ã®é™½ã ã¾ã‚Šã®åº­,Suzuya Aki,Nijisanji,Wave 1,118000,591
UCsg-YqdqQ-KFF0LNk23BY4A,æ¨‹å£æ¥“ã€ã«ã˜ã•ã‚“ã˜æ‰€å±ã€‘,Higuchi Kaede,Nijisanji,Wave 1,411000,619
UCvmppcdYf4HOv-tFQhHHJMA,ã€Šã«ã˜ã•ã‚“ã˜æ‰€å±ã®å¥³ç¥ã€‹ãƒ¢ã‚¤ãƒ©,Moira,Nijisanji,Wave 1,132000,266
UCYKP16oMX9KKPbrNgo_Kgag,ã‚¨ãƒ«ãƒ•ã®ãˆã‚‹ / ã«ã˜ã•ã‚“ã˜æ‰€å±,Elu the Elf,Nijisanji,Wave 1,208000,795
UC0g1AE0DOjBYnLhkgoRWN1w,æœ¬é–“ã²ã¾ã‚ã‚Š - Himawari Honma -,Honma Himawari,Nijisanji,Gamers,630000,937
UC_4tXjqecqox5Uc05ncxpxg,æ¤åå”¯è¯ / Shiina Yuika,Shiina Yuika,Nijisanji,Gamers,462000,869
UC9EjSJ8pvxtvPdxLOElv73w,é­”ç•Œãƒã‚Šã‚Šã‚€,Makaino Ririmu,Nijisanji,Gamers,224000,511
UCBi8YaVyZpiKWN3_Z0dCTfQ,èµ¤ç¾½è‘‰å­ã¡ã‚ƒã‚“ã­ã‚‹,Akabane Youko,Nijisanji,Gamers,147000,163
UCoztvTULBYd3WmStqYeoHcA,ç¬¹æœ¨å’² / Sasaki Saku,Sasaki Saku,Nijisanji,Gamers,588000,518
UCSFCh5NL4qXrAy9u-u2lX3g,Kuzuha Channel,Kuzuha,Nijisanji,Gamers,822000,860
UCspv01oxUFf_MTSipURRhkA,Kanae Channel,Kanae,Nijisanji,Gamers,706000,2051
UCBAeKqEIugv69Q2GIgcH7oA,é€¢é­”ãã‚‰ã‚‰Ouma Kirara,Ouma Kirara,Nori Pro,Gen 2,35300,65
UCH11P1Hq4PXdznyw1Hhr3qw,å¤¢ä¹ƒãƒªãƒªã‚¹Yumeno Lilith,Yumeno Lilith,Nori Pro,Gen 2,81100,120
UCIRzELGzTVUOARi3Gwf1-yg,çœ‹è°·ã«ãƒã‚Mirutani nia,Mirutani Nia,Nori Pro,Gen 2,16900,11
UCLyTXfCZtl7dyhta9Jg3pZg,é¬¼ç¯ã‚ã‚‰ã¹Hoozuki Warabe,Hoozuki Warabe,Nori Pro,Gen 2,103000,139
UCxrmkJf_X1Yhte_a4devFzA,èƒ¡æ¡ƒæ¾¤ã‚‚ã‚‚Kurumizawa Momo,Kurumizawa Momo,Nori Pro,Gen 2,33700,50
UC1zFJrfEKvCixhsjNSb1toQ,ã‚·ã‚¹ã‚¿ãƒ¼ãƒ»ã‚¯ãƒ¬ã‚¢ -SisterClaire-,Sister Claire,Nijisanji,SEEDS,359000,1745
UC3lNFeJiTq6L3UWoz4g1e-A,å¯æœˆã‚³ã‚¦,Uzuki Kou,Nijisanji,SEEDS,166000,420
UC53UDnhAAYwvNO7j_2Ju1cQ,ãƒ‰ãƒ¼ãƒ©,Dola,Nijisanji,SEEDS,268000,526
UC6TfqY40Xt1Y0J-N18c85qQ,å®‰åœŸæ¡ƒ,Azuchi Momo,Nijisanji,SEEDS,95900,95
UCbc8fwhdUNlqi-J99ISYu4A,ãƒ™ãƒ«ãƒ¢ãƒ³ãƒ‰ãƒ»ãƒãƒ³ãƒ‡ãƒ©ã‚¹,Belmond Banderas,Nijisanji,SEEDS,337000,670
UCfQVs_KuXeNAlGa3fb8rlnQ,æ¡œå‡›æœˆ,Sakura Ritsuki,Nijisanji,SEEDS,190000,844
UChUJbHiTVeGrSkTdBzVfNCQ,ã‚¸ãƒ§ãƒ¼ãƒ»åŠ›ä¸€ Joe Rikiichi,Joe Rikiichi,Nijisanji,SEEDS,284000,371
UCiSRx1a2k-0tOg-fs6gAolQ,é£›é³¥ã²ãªã€ã«ã˜ã•ã‚“ã˜æ‰€å±ã€‘,Asuka Hina,Nijisanji,SEEDS,97700,185
UCjlmCrq4TP1I4xguOtJ-31w,ã§ã³ã§ã³ãƒ»ã§ã³ã‚‹,Debidebi Debiru,Nijisanji,SEEDS,383000,666
UCJubINhCcFXlsBwnHp0wl_g,èˆå…ƒå•“ä»‹,Maimoto Keisuke,Nijisanji,SEEDS,290000,441
UCKMYISTJAQ8xTplUPHiABlA,ç¤¾ç¯‰,Yashiro Kizuku,Nijisanji,SEEDS,443000,591
UCmeyo5pRj_6PXG-CsGUuWWg,é»’äº•ã—ã°ã€ã«ã˜ã•ã‚“ã˜ã®çŠ¬ã€‘,Kuroi Shiba,Nijisanji,SEEDS,147000,351
UCo7TRj3cS-f_1D9ZDmuTsjw,ç”ºç”°ã¡ã¾ã€ã«ã˜ã•ã‚“ã˜ã€‘,Machita Chima,Nijisanji,SEEDS,323000,244
UCoM_XmK45j504hfUWvN06Qg,æˆç€¬ é³´ / Naruse Naruã€ã«ã˜ã•ã‚“ã˜ã€‘,Naruse Naru,Nijisanji,SEEDS,85800,358
UCPvGypSgfDkVe7JG2KygK7A,ç«œèƒ† å°Š / Rindou Mikoto,Rindou Mikoto,Nijisanji,SEEDS,416000,266
UCRV9d6YCYIMUszK-83TwxVA,è½Ÿäº¬å­/kyoko todorokiã€ã«ã˜ã•ã‚“ã˜ã€‘,Todoroki Kyoko,Nijisanji,SEEDS,101000,446
UCRWOdwLRsenx2jLaiCAIU4A,é›¨æ£®å°å¤œ,Amemori Sayo,Nijisanji,SEEDS,140000,69
UCryOPk2GZ1meIDt53tL30Tw,éˆ´æœ¨å‹ / Suzuki Masaruã€ã«ã˜ã•ã‚“ã˜ã€‘,Suzuki Masaru,Nijisanji,SEEDS,157000,516
UCsFn_ueskBkMCEyzCEqAOvg,èŠ±ç•‘ãƒãƒ£ã‚¤ã‚«,Hanabatake Chaika,Nijisanji,SEEDS,289000,469
UCt5-0i4AVHXaWJrL8Wql3mw,ç·‘ä»™channel,Ryushen,Nijisanji,SEEDS,452000,431
UCtAvQ5U0aXyKwm2i4GqFgJg,æ˜¥å´ã‚¨ã‚¢ãƒ«,Harusaki Air,Nijisanji,SEEDS,68700,181
UCTIE7LM5X15NVugV7Krp9Hw,å¤¢è¿½ç¿”ã®JUKE BOX,Yumeoi Kakeru,Nijisanji,SEEDS,242000,452
UCV5ZZlLjk5MKGg3L0n0vbzw,é·¹å®®ãƒªã‚ªãƒ³ / Rion Takamiya,Takamiya Rion,Nijisanji,SEEDS,363000,1057
UCvzVB-EYuHFXHZrObB8a_Og,çŸ¢è»Šã‚Šã­ - Rine Yaguruma -,Yaguruma Rine,Nijisanji,SEEDS,70300,102
UCWz0CSYCxf4MhRKPDm220AQ,ã€ã«ã˜ã•ã‚“ã˜ã€‘ç¥ç”°ç¬‘ä¸€,Kanda Shoichi,Nijisanji,SEEDS,178000,1130
UC48jH1ul-6HOrcSSfoR02fQ,Yuhi Riri Official,Yuuhi Riri,Nijisanji,Wave 2,190000,497
UCBiqkFJljoxAj10SoP2w2Cg,æ–‡é‡ç’°ã€ã«ã˜ã•ã‚“ã˜ã®é‡è‰¯çŒ«ã€‘ãµã¿ã®ãŸã¾ã,Fumino Tamaki,Nijisanji,Wave 2,275000,371
UC_GCs6GARLxEHxy1w40d6VQ,å®¶é•·ã‚€ãã€ã«ã˜ã•ã‚“ã˜æ‰€å±ã€‘,Ienaga Mugi,Nijisanji,Wave 2,156000,124
UCmUjjW5zF1MMOhYUwwwQv9Q,å®‡å¿—æµ·ã„ã¡ã”,Ushimi Ichigo,Nijisanji,Wave 2,153000,435
UCt0clH12Xk1-Ej5PXKGfdPA,â™¥ï¸â™ ï¸ç‰©è¿°æœ‰æ –â™¦ï¸â™£ï¸,Mononobe Alice,Nijisanji,Wave 2,236000,436
UCtpB6Bvhs1Um93ziEDACQ8g,æ£®ä¸­èŠ±å’²,Morinaka Kazaki,Nijisanji,Wave 2,240000,305
UCUzJ90o1EjqUbk2pBAy0_aw,Gilzaren III Season 2,Gilzaren III,Nijisanji,Wave 2,101000,33
UCv1fFr156jc65EMiLbaLImw,å‰£æŒåˆ€ä¹Ÿ,Kenmochi Toya,Nijisanji,Wave 2,367000,306
UCwokZsOK_uEre70XayaFnzA,éˆ´é¹¿è©©å­ Utako Suzuka,Suzuka Utako,Nijisanji,Wave 2,443000,587
UCXU7YYxy_iQd3ulXyO-zC2w,ä¼è¦‹ã‚¬ã‚¯ã€ã«ã˜ã•ã‚“ã˜æ‰€å±ã€‘,Fushimi Gaku,Nijisanji,Wave 2,137000,350
UC0WwEfE-jOM2rzjpdfhTzZA,æ„›åœ’ æ„›ç¾/Aizono Manami,Aizono Manami,Nijisanji,Wave 2019,155000,390
UC1QgXt46-GEvtNjEC1paHnw,ã‚°ã‚¦ã‚§ãƒ«ãƒ»ã‚ªã‚¹ãƒ»ã‚¬ãƒ¼ãƒ« / Gwelu Os Gar ã€ã«ã˜ã•ã‚“ã˜ã€‘,Gwelu Os Gar,Nijisanji,Wave 2019,186000,267
UC2OacIzd2UxGHRGhdHl1Rhw,æ—©ç€¬ èµ° / Hayase Souã€ã«ã˜ã•ã‚“ã˜æ‰€å±ã€‘,Hayase Sou,Nijisanji,Wave 2019,167000,356
UC6wvdADTJ88OfIbJYIpAaDA,ä¸ç ´ æ¹Š / Fuwa Minatoã€ã«ã˜ã•ã‚“ã˜ã€‘,Fuwa Minato,Nijisanji,Wave 2019,332000,427
UC8C1LLhBhf_E2IBPLSDJXlQ,å¥å±‹èŠ±é‚£ã€ã«ã˜ã•ã‚“ã˜ã€‘KanaSukoya,Sukoya Kana,Nijisanji,Wave 2019,364000,419
UC9V3Y3_uzU5e-usObb6IE1w,æ˜Ÿå·ã‚µãƒ© / Sara Hoshikawa,Hoshikawa Sara,Nijisanji,Wave 2019,493000,505
UC_a1ZYZ8ZTXpjg9xUY9sj8w,éˆ´åŸã‚‹ã‚‹ã€ã«ã˜ã•ã‚“ã˜æ‰€å±ã€‘,Suzuhara Lulu,Nijisanji,Wave 2019,539000,592
UCb5JxV6vKlYVknoJB8TnyYg,é»› ç° / Kai Mayuzumiã€ã«ã˜ã•ã‚“ã˜ã€‘,Mayuzumi Kai,Nijisanji,Wave 2019,388000,471
UCb6ObE-XGCctO3WrjRZC-cw,ãƒ«ã‚¤ã‚¹ãƒ»ã‚­ãƒ£ãƒŸãƒ¼,Luis Cammy,Nijisanji,Wave 2019,163000,369
UCCVwhI5trmaSxfcze_Ovzfw,å¤¢æœˆãƒ­ã‚¢ğŸŒ–Yuzuki Roa,Yuzuki Roa,Nijisanji,Wave 2019,335000,364
UCdpUojq0KWZCN9bxXnZwz5w,ã‚¢ãƒ«ã‚¹ãƒ»ã‚¢ãƒ«ãƒãƒ« -ars almal- ã€ã«ã˜ã•ã‚“ã˜ã€‘,Ars Almal,Nijisanji,Wave 2019,480000,573
UCerkculBD7YLc_vOGrF7tKg,é­”ä½¿ãƒã‚ª -matsukai mao-,Matsukai Mao,Nijisanji,Wave 2019,167000,428
UCeShTCVgZyq2lsBW9QwIJcw,ã€3å¹´0çµ„ã€‘éƒ¡é“ç¾ç²ã®æ•™å®¤,Gundo Mirei,Nijisanji,Wave 2019,303000,762
UCfipDDn7wY-C-SoUChgxCQQ,è‘‰å±±èˆéˆ´ / Hayama Marin,Hayama Marin,Nijisanji,Wave 2019,162000,581
UCfki3lMEF6SGBFiFfo9kvUA,ã¾ã—ã‚ / Mashiro,Mashiro,Nijisanji,Wave 2019,233000,225
UCg63a3lk6PNeWhVvMRM_mrQ,å°é‡ç”º æ˜¥é¦™ / Onomachi Haruka ã€ã«ã˜ã•ã‚“ã˜ã€‘,Onomachi Haruka,Nijisanji,Wave 2019,132000,818
UCGYAYLDE7TZiiC8U6teciDQ,è‘‰åŠ ç€¬ å†¬é›ª / Hakase Fuyuki,Hakase Fuyuki,Nijisanji,Wave 2019,266000,657
UCHBhnG2G-qN0JrrWmMO2FTA,ã‚·ã‚§ãƒªãƒ³ãƒ»ãƒãƒ¼ã‚¬ãƒ³ãƒ‡ã‚£ -Shellin Burgundy- ã€ã«ã˜ã•ã‚“ã˜ã€‘,Shellin Burgundy,Nijisanji,Wave 2019,217000,318
UCHK5wkevfaGrPr7j3g56Jmw,ç€¬æˆ¸ ç¾å¤œå­ - Miyako Seto,Seto Miyako,Nijisanji,Wave 2019,126000,665
UCHVXbQzkl3rDfsXWo8xi2qw,ã‚¢ãƒ³ã‚¸ãƒ¥ãƒ»ã‚«ãƒˆãƒªãƒ¼ãƒŠ - Ange Katrina -,Ange Katrina,Nijisanji,Wave 2019,477000,299
UCHX7YpFG8rVwhsHCx34xt7w,é›ªåŸçœå°‹/Yukishiro Mahiroã€ã«ã˜ã•ã‚“ã˜æ‰€å±ã€‘,Yukishiro Mahiro,Nijisanji,Wave 2019,118000,395
UCIG9rDtgR45VCZmYnd-4DUw,ãƒ©ãƒˆãƒŠãƒ»ãƒ—ãƒ†ã‚£ -Ratna Petit -ã«ã˜ã•ã‚“ã˜æ‰€å±,Ratna Petit,Nijisanji,Wave 2019,284000,598
UCIytNcoz4pWzXfLda0DoULQ,ã‚¨ã‚¯ã‚¹ãƒ»ã‚¢ãƒ«ãƒ“ã‚ª -Ex Albio-,Ex Albio,Nijisanji,Wave 2019,271000,565
UCkIimWZ9gBJRamKF0rmPU8w,å¤©å®® ã“ã“ã‚ / Amamya Ch.,Amamiya Kokoro,Nijisanji,Wave 2019,289000,487
UCl1oLKcAq93p-pwKfDGhiYQ,ãˆã¾â˜…ãŠã†ãŒã™ã¨,Emmaâ˜…August,Nijisanji,Wave 2019,184000,240
UCL34fAoFim9oHLbVzMKFavQ,å¤œè¦‹ã‚Œãª/yorumi renaã€ã«ã˜ã•ã‚“ã˜æ‰€å±ã€‘,Yorumi Rena,Nijisanji,Wave 2019,328000,764
UCllKI7VjyANuS1RXatizfLQ,å±±ç¥ ã‚«ãƒ«ã‚¿ / Karuta Yamagami,Yamagami Karuta,Nijisanji,Wave 2019,133000,490
UCmovZ2th3Sqpd00F5RdeigQ,åŠ è³€ç¾ ãƒãƒ¤ãƒˆ/Hayato Kagami,Kagami Hayato,Nijisanji,Wave 2019,375000,457
UCnRQYHTnRLSF0cLJwMnedCg,ç›¸ç¾½ã†ã„ã¯ã€–Aiba Uihaã€—ã«ã˜ã•ã‚“ã˜æ‰€å±,Aiba Uiha,Nijisanji,Wave 2019,246000,58
UCNW1Ex0r6HsWRD4LCtPwvoQ,ä¸‰ææ˜é‚£ / Saegusa Akina,Saegusa Akina,Nijisanji,Wave 2019,334000,425
UC-o-E6I3IC2q8sAoAuM6Umg,å¥ˆç¾…èŠ± - Naraka -,Naraka,Nijisanji,Wave 2019,203000,293
UCpNH2Zk2gw3JBjWAKSyZcQQ,ã‚¨ãƒªãƒ¼ãƒ»ã‚³ãƒ‹ãƒ•ã‚¡ãƒ¼ / Eli Coniferã€ã«ã˜ã•ã‚“ã˜ã€‘,Eli Conifer,Nijisanji,Wave 2019,144000,331
UCRcLAVTbmx2-iNcXSsupdNA,æ¥æ – å¤èŠ½-kurusu natsume-ã€ã«ã˜ã•ã‚“ã˜ã€‘,Kurusu Natsume,Nijisanji,Wave 2019,98700,303
UCtnO2N4kPTXmyvedjGWdx3Q,ãƒ¬ãƒ´ã‚£ãƒ»ã‚¨ãƒªãƒ•ã‚¡-Levi Elipha-,Levi Elipha,Nijisanji,Wave 2019,207000,605
UCUc8GZfFxtmk7ZwSO7ccQ0g,ãƒ‹ãƒ¥ã‚¤ãƒ»ã‚½ã‚·ã‚¨ãƒ¼ãƒ« //[Nui Sociere],Nui Sociere,Nijisanji,Wave 2019,310000,594
UCuvk5PilcvDECU7dDZhQiEw,ç™½é›ª å·´/Shirayuki Tomoe,Shirayuki Tomoe,Nijisanji,Wave 2019,252000,459
UCveZ9Ic1VtcXbsyaBgxPMvg,ç«¥ç”°æ˜æ²»-ã‚ã‚‰ã¹ã ã‚ã„ã˜ãƒ¼-,Warabeda Meiji,Nijisanji,Wave 2019,221000,269
UCwrjITPwG4q71HzihV2C7Nw,ãƒ•ãƒŸ/ã«ã˜ã•ã‚“ã˜,Fumi,Nijisanji,Wave 2019,156000,548
UCXRlIK3Cw_TJIQC5kSJJQMg,æˆŒäº¥ã¨ã“ -Inui Toko-,Inui Toko,Nijisanji,Wave 2019,456000,270
UCZ1xuCK1kNmn5RzPYIZop3w,ãƒªã‚¼ãƒ»ãƒ˜ãƒ«ã‚¨ã‚¹ã‚¿ -Lize Helesta-,Lize Helesta,Nijisanji,Wave 2019,519000,383
UC_82HBGtvwN1hcGeOGHzUBQ,ç©ºæ˜Ÿãã‚‰ã‚/Sorahoshi Kirameã€ã«ã˜ã•ã‚“ã˜ã€‘,Sorahoshi Kirame,Nijisanji,Wave 2020,116000,154
UCebT4Aq-3XWb5je1S1FvR_A,æ±å ‚ã‚³ãƒã‚¯/ Todo Kohaku [ã«ã˜ã•ã‚“ã˜],Todo Kohaku,Nijisanji,Wave 2020,84300,115
UCe_p3YEuYJb8Np0Ip9dk-FQ,æœæ—¥å—ã‚¢ã‚«ãƒ / Asahina Akane ã€ã«ã˜ã•ã‚“ã˜ã€‘,Asahina Akane,Nijisanji,Wave 2020,98000,191
UCGw7lrT-rVZCWHfdG9Frcgg,å¼¦æœˆ è—¤å£«éƒ / Genzuki Tojiroã€ã«ã˜ã•ã‚“ã˜ã€‘,Genzuki Tojiro,Nijisanji,Wave 2020,165000,329
UCkngxfPbmGyGl_RIq4FA3MQ,è¥¿åœ’ãƒã‚°ã‚µ / Nishizono Chigusa,Nishizono Chigusa,Nijisanji,Wave 2020,229000,378
UCL_O_HXgLJx3Auteer0n0pA,å‘¨å¤® ã‚µãƒ³ã‚´ / Suo Sangoã€ã«ã˜ã•ã‚“ã˜ã€‘,Suo Sango,Nijisanji,Wave 2020,119000,205
UCmZ1Rbthn-6Jm_qOGjYsh5A,ã‚¤ãƒ–ãƒ©ãƒ’ãƒ ã€ã«ã˜ã•ã‚“ã˜ã€‘,Ibrahim,Nijisanji,Wave 2020,302000,447
UCo2N7C-Z91waaR6lF3LL_jw,ç”²æ–ç”° æ™´ / Kaida Haruã€ã«ã˜ã•ã‚“ã˜ã€‘,Kaida Haru,Nijisanji,Wave 2020,222000,516
UCRqBKoKuX30ruKAq05pCeRQ,åŒ—å°è·¯ãƒ’ã‚¹ã‚¤ / Kitakoji Hisui ã€ã«ã˜ã•ã‚“ã˜ã€‘,Kitakoji Hisui,Nijisanji,Wave 2020,159000,235
UCuep1JCrMvSxOGgGhBfJuYw,ãƒ•ãƒ¬ãƒ³ãƒ»Eãƒ»ãƒ«ã‚¹ã‚¿ãƒªã‚ª,Furen E Lustario,Nijisanji,Wave 2020,315000,370
UCwcyyxn6h9ex4sMXGtpQE_g,ãƒ¡ãƒªãƒƒã‚µãƒ»ã‚­ãƒ³ãƒ¬ãƒ³ã‚«,Melissa Kinrenka,Nijisanji,Wave 2020,298000,234
UCXW4MqCQn-jCaxlX-nn-BYg,é•·å°¾ æ™¯ / Nagao Keiã€ã«ã˜ã•ã‚“ã˜ã€‘,Nagao Kei,Nijisanji,Wave 2020,189000,480
UCDqI2jOz0weumE8s7paEk6g,Roboco Ch. - ãƒ­ãƒœå­,Roboco-san,Hololive,,650000,572
UC0Owc36U9lOyi9Gx9Ic-4qg,Haneru Channel / å› å¹¡ã¯ã­ã‚‹ ã€ã‚ã«ã¾ãƒ¼ã‚Œã€‘,Inaba Haneru,774inc,AniMare,258000,1516
UC2kyQhzGOB-JPgcQX9OMgEw,Ichika Channel / å®—è°· ã„ã¡ã‹ ã€ã‚ã«ã¾ãƒ¼ã‚Œã€‘,Souya Ichika,774inc,AniMare,83100,542
UC3xG1XWzAKt5dxSxktJvtxg,Rukako Channel / å¤§æµ¦ã‚‹ã‹ã“ ã€ã‚ã«ã¾ãƒ¼ã‚Œã€‘,Oura Rukako,774inc,AniMare,20600,63
UC4PrHgUcAtOoj_LKmUL-uLQ,Mia Channel / æ¹–å—ã¿ã‚ ã€ã‚ã«ã¾ãƒ¼ã‚Œã€‘,Konan Mia,774inc,AniMare,14800,57
UC_BlXOQe5OcRC7o0GX8kp8A,Natsumi Channel / ç¾½æŸ´ãªã¤ã¿ ã€ã‚ã«ã¾ãƒ¼ã‚Œã€‘,Hashiba Natsumi,774inc,AniMare,31600,259
UCFsWaTQ7kT76jNNGeGIKNSA,Hikari Channel / é£›è‰¯ã²ã‹ã‚Š ã€ã‚ã«ã¾ãƒ¼ã‚Œã€‘,Hira Hikari,774inc,AniMare,22000,176
UCqskJ0nmw-_eweWfsKvbrzQ,Tirol Channel /æœˆé‡æœ¨ã¡ã‚ã‚‹ ã€ã‚ã«ã¾ãƒ¼ã‚Œã€‘,Tsukinoki Tirol,774inc,AniMare,31500,156
UCRvpMpzAXBRKJQuk-8-Sdvg,Ran Channel / æ—¥ãƒéšˆã‚‰ã‚“ ã€ã‚ã«ã¾ãƒ¼ã‚Œã€‘,Hinokuma Ran,774inc,AniMare,119000,982
UCtzCQnCT9E4o6U3mHHSHbQQ,Mimi Channel / ç™½å®®ã¿ã¿ ã€ã‚ã«ã¾ãƒ¼ã‚Œã€‘,Shiromiya Mimi,774inc,AniMare,54600,535
UCW8WKciBixmaqaGqrlTITRQ,Izumi Channel / æŸšåŸã„ã¥ã¿ ã€ã‚ã«ã¾ãƒ¼ã‚Œã€‘,Yunohara Izumi,774inc,AniMare,55200,547
UC_WOBIopwUih0rytRnr_1Ag,Rui Channel / ç€¬å³¶ã‚‹ã„ ã€ã‚ã«ã¾ãƒ¼ã‚Œã€‘,Seshima Rui,774inc,AniMare,27200,192
UCXp7sNC0F_qkjickvlYkg-Q,Kuku Channel / é¢¨è¦‹ãã ã€ã‚ã«ã¾ãƒ¼ã‚Œã€‘,Kazami Kuku,774inc,AniMare,88300,400
UC0TXe_LYZ4scaW2XMyi5_kw,AZKi Channel,AZKi,Hololive,,443000,184
UC5CwaMl1eIgY8h02uZw7u8A,Suisei Channel,Hoshimachi Suisei,Hololive,,939000,330
UCDh2bWI5EDu7PavqwICkVpA,Mico Channel / å °ä»£ãƒŸã‚³ã€ãƒãƒ‹ã‚¹ãƒˆã€‘,Sekishiro Mico,774inc,HoneyStrap,78600,639
UCeLzT-7b2PBcunJplmWtoDg,Patra Channel / å‘¨é˜²ãƒ‘ãƒˆãƒ© ã€ãƒãƒ‹ã‚¹ãƒˆã€‘,Suou Patra,774inc,HoneyStrap,441000,1250
UCwePpiw1ocZRSNSkpKvVISw,Mary Channel / è¥¿åœ’å¯ºãƒ¡ã‚¢ãƒªã€ãƒãƒ‹ã‚¹ãƒˆã€‘,Saionji Mary,774inc,HoneyStrap,157000,880
UCYTz3uIgwVY3ZU-IQJS8r3A,Charlotte Channel / å³¶æ‘ã‚·ãƒ£ãƒ«ãƒ­ãƒƒãƒˆã€ãƒãƒ‹ã‚¹ãƒˆã€‘,Shimamura Charlotte,774inc,HoneyStrap,71700,794
UC2hc-00y-MSR6eYA4eQ4tjQ,Rene Channel / é¾ãƒ¶å´ãƒªãƒ³ ã€ã‚·ãƒ¥ã‚¬ãƒªãƒªã€‘,Ryugasaki Rene,774inc,SugarLyric,50700,415
UC--A2dwZW7-M2kID0N6_lfA,Chris Channel / ç…å­ç‹ã‚¯ãƒªã‚¹ ã€ã‚·ãƒ¥ã‚¬ãƒªãƒªã€‘,Shisho Chris,774inc,SugarLyric,32600,284
UCvPPBoTOor5gm8zSlE2tg4w,Anna Channel / è™åŸã‚¢ãƒ³ãƒŠ ã€ã‚·ãƒ¥ã‚¬ãƒªãƒªã€‘,Kojo Anna,774inc,SugarLyric,30900,207
UC3EhsuKdEkI99TWZwZgWutg,Uge Channel / ææˆ¸ã‚†ã’ ã€ãƒ–ã‚¤ã‚¢ãƒ‘ã€‘,And Uge,774inc,VApArt,132000,684
UChXm-xAYPfygrbyLo2yCASQ,Anko Channel / å­£å’²ã‚ã‚“ã“ ã€ãƒ–ã‚¤ã‚¢ãƒ‘ã€‘,Kisaki Anko,774inc,VApArt,31100,422
UCmqrvfLMws-GLGHQcB5dasg,èŠ±å¥ ã‹ã®ã‚“ / Kanade Kanon ch,Kanade Kanon,774inc,VApArt,46800,220
UCV4EoK6BVNl7wxuxpUvvSWA,Wat Channel / ä¸ç£¨ã‚ã£ã¨ ã€ãƒ–ã‚¤ã‚¢ãƒ‘ã€‘,Wat Huma,774inc,VApArt,32500,298
UCzUNASdzI4PV5SlqtYwAkKQ,Met Channel / å°æ£®ã‚ã¨ ã€ãƒ–ã‚¤ã‚¢ãƒ‘ã€‘,Komori Met,774inc,VApArt,102000,384
UC-hM6YJuNYVAmUWxeIr9FeA,Miko Ch. ã•ãã‚‰ã¿ã“,Sakura Miko,Hololive,,1040000,422
UCIeSUTOTkF9Hs7q3SGcO-Ow,Elira Pendora ã€NIJISANJI ENã€‘,Elira Pendora,Nijisanji,Nijisanji EN,96100,22
UCP4nMSTdwU1KqYWu3UH5DHQ,Pomu Rainpuff ã€NIJISANJI ENã€‘,Pomu Rainpuff,Nijisanji,Nijisanji EN,79100,22
UCu-J8uIXuLZh16gG-cT1naw,Finana Ryugu ã€NIJISANJI ENã€‘,Finana Ryugu,Nijisanji,Nijisanji EN,87500,17
UC5qSx7KzdRwbsO1QmJc4d-w,Siska Leontyne ã€NIJISANJI IDã€‘,Siska Leontyne,Nijisanji,Nijisanji ID,55800,161
UC5yckZliCkuaEFbqzLBD7hQ,Reza Avanluna [NIJISANJI ID],Reza Avanluna [NIJISANJI ID],Nijisanji,Nijisanji ID,23400,198
UC8Snw5i4eOJXEQqURAK17hQ,Rai Galileiã€NIJISANJI IDã€‘,Rai Galilei,Nijisanji,Nijisanji ID,31800,154
UCA3WE2WRSpoIvtnoVGq4VAw,ZEA Corneliaã€NIJISANJI IDã€‘,ZEA Cornelia,Nijisanji,Nijisanji ID,72300,310
UCHjeZylSgXDSnor8wUnwU_g,Bonnivier Pranaja ã€NIJISANJI IDã€‘,Bonnivier Pranaja,Nijisanji,Nijisanji ID,36400,119
UCijNnZ-6m8g85UGaRAWuw7g,Nagisa Arcinia [NIJISANJI ID],Nagisa Arcinia,Nijisanji,Nijisanji ID,20600,145
UCjFu-9GHnabzSFRAYm1B9Dw,Etna Crimson ã€NIJISANJI IDã€‘,Etna Crimson,Nijisanji,Nijisanji ID,33700,151
UCk5r533QVMgJUdWwqegH2TA,Azura Cecillia ã€NIJISANJI IDã€‘,Azura Cecillia,Nijisanji,Nijisanji ID,32900,229
UCkL9OLKjIQbKk2CztbpOCFg,Riksa Dhirendraã€NIJISANJI IDã€‘,Riksa Dhirendra,Nijisanji,Nijisanji ID,35700,350
UCMzVa7B8UEdrvUGsPmSgyjA,Derem Kado ã€NIJISANJI IDã€‘,Derem Kado,Nijisanji,Nijisanji ID,20500,147
UCOmjciHZ8Au3iKMElKXCF_g,Miyu Ottavia ã€NIJISANJI IDã€‘,Miyu Ottavia,Nijisanji,Nijisanji ID,52300,224
UCoWH3sDpeXG1aXmOxveX4KA,Nara Haramaung ã€NIJISANJI IDã€‘,Nara Haramaung,Nijisanji,Nijisanji ID,34300,208
UCpJtk0myFr5WnyfsmnInP-w,Hana Macchia Ch.ã€NIJISANJI IDã€‘,Hana Macchia,Nijisanji,Nijisanji ID,238000,396
UCrR7JxkbeLY82e8gsj_I0pQ,Amicia Michellaã€NIJISANJI IDã€‘,Amicia Michella,Nijisanji,Nijisanji ID,56900,315
UCyRkQSuhJILuGOuXk10voPg,Layla Alstroemeria [NIJISANJI ID],Layla Alstroemeria,Nijisanji,Nijisanji ID,38600,269
UCZ5dNZsqBjBzbBl0l_IdmXg,Taka Radjimanã€NIJISANJI IDã€‘,Taka Radjiman,Nijisanji,Nijisanji ID,74900,453
UCjGE11ZnF0JSR8egVAwh-3A,ì‹ ìœ ì•¼ / Yuya Shin ã€NIJISANJI KRã€‘,Shin Yuya,Nijisanji,Nijisanji KR,100000,230
UCUtKkGKef8BYMs3h-3zQm9A,ë¯¼ìˆ˜í•˜ / Suha Min ã€NIJISANJI KRã€‘,Suha Min,Nijisanji,Nijisanji KR,28500,265
UCJ6LH4jMNy0JN9RSThz1mMQ,í•œì¹˜í˜¸ / Chiho Hanã€NIJISANJI KRã€‘,Chiho Han,Nijisanji,Nijisanji KR,13900,236
UCpRXCTyNNa-MnjhK6gisnRw,ê°€ì˜¨ / GAON ã€NIJISANJI KRã€‘,Gaon,Nijisanji,Nijisanji KR,13900,338
UC5ek2GWKvUKFgnKSHuuCFrw,ì†Œë‚˜ê¸° / Nagi So ã€NIJISANJI KRã€‘,Nagi So,Nijisanji,Nijisanji KR,24000,239
UCmWqYB6y8gSfPONWGspuOWQ,ì±„ì•„ë¼ / Ara Chae ã€NIJISANJI KRã€‘,Ara Chae,Nijisanji,Nijisanji KR,15200,143
UCSlv7Z-4q7_7NRkzJB10A5Q,ì´ì‹œìš° / Siu Lee ã€NIJISANJI KRã€‘,Siu Lee,Nijisanji,Nijisanji KR,16500,223
UC1ZV7KBscK0EMoJKFu1DnDg,ëˆˆë³´ë¼ / Bora Nun ã€NIJISANJI KRã€‘,Bora Nun,Nijisanji,Nijisanji KR,179000,241
UC7hffDQLKIEG-_zoAQkMIvg,ì•„í‚¤ë¼ ë ˆì´ / æ˜æ¥½ ãƒ¬ã‚¤ / Ray Akira ã€NIJISANJI KRã€‘,Ray Akira,Nijisanji,Nijisanji KR,25900,194
UCClwIqTUn5LDpFucHyaAhHg,ì´ë¡œí•˜ /LeeRoha ã€NIJISANJI KRã€‘,Roha Lee,Nijisanji,Nijisanji KR,40900,152
UCCHH0nWYXFZmtDS_4tvMxHQ,ì–‘ë‚˜ë¦¬ / Nari Yang ã€NIJISANJI KRã€‘,Nari Yang,Nijisanji,Nijisanji KR,10700,203
UCi6nV5Z2dzFuXBzLG3P9zqQ,ì‹ ê¸°ë£¨ / Kiru Shin ã€NIJISANJI KRã€‘,Kiru Shin,Nijisanji,Nijisanji KR,8460,112
UClS6k3w1sPwlVFqK3-yID5A,ë¥˜í•˜ë¦¬ / Hari Ryu ã€NIJISANJI KRã€‘,Hari Ryu,Nijisanji,Nijisanji KR,9760,123
UCnzZmBOSrQf2wDBbnsDajVw,ì˜¤ì§€ìœ  / Jiyu Oh ã€NIJISANJI KRã€‘,Jiyu Oh,Nijisanji,Nijisanji KR,11600,151
UCeGendL8CO5RkffB6IFwHow,ì„¸í”¼ë‚˜ / Seffyna ã€NIJISANJI KRã€‘,Seffyna,Nijisanji,Nijisanji KR,5360,47
UCLjx3lqIkYkPCBJop8czJ2A,ë°˜í•˜ë‹¤ / Ban Hada ã€NIJISANJI KRã€‘,Ban Hada,Nijisanji,Nijisanji KR,9420,30
UCyqzU2nq7eGNi4kN0uHx7TA,ì†¡ë¯¸ì•„ / Song Mia ã€NIJISANJI KRã€‘,Song Mia,Nijisanji,Nijisanji KR,4350,33
UCdCczCYPOeP5hTfbx6tzz_A,char ch. æ˜Ÿä¹ƒã‚·ãƒ£ãƒ­,Hoshino Char,Tsunderia,Generation 0,28000,103
UCdrQWcX7XLDSUEh9SAxnyBg,Purin ch. çŠ¬é¤Šãƒ—ãƒªãƒ³,Inukai Purin,Tsunderia,Generation 0,25200,104
UC8CKGSvp9bRfmtWyfV5L9Jw,Nini Yuuna Ch. ã«ã«ã‚†ãƒ¼ãª,Nini Yuuna,Tsunderia,Generation 1,9650,38
UCbTkauz77OIO9KE5YcAKPlg,Kallin Ch. å¤œå’²ã‚«ãƒªãƒ³,Yazaki Kallin,Tsunderia,Generation 1,7060,74
UCIJ6TGsTcBlYGUj-zbL60EQ,Meruru Ch. æœ«è·¯ã‚ã‚‹,Matsuro Meru,Tsunderia,Generation 1,6070,59
UCyKsg-57XC9pyHbP7v3kCPQ,Miori Celesta Ch. ãƒŸã‚ªãƒªãƒ»ã‚»ãƒ¬ã‚¹ã‚¿,Miori Celesta,Tsunderia,Generation 1,12700,65
UC1CfXB_kRs3C-zaeTG3oGyg,Akaihaato Ch. èµ¤äº•ã¯ã‚ã¨,Akai Haato,Hololive,1st Generation,1130000,566
UCD8HOxPs4Xvsm8H0ZxXGiBw,Mel Channel å¤œç©ºãƒ¡ãƒ«ãƒãƒ£ãƒ³ãƒãƒ«,Yozora Mel,Hololive,1st Generation,529000,142
UCdn5BQ06XqgXoAxIhbqw5Rg,ãƒ•ãƒ–ã‚­Chã€‚ç™½ä¸Šãƒ•ãƒ–ã‚­,Shirakami Fubuki,Hololive,1st Generation,1430000,1011
UCFTLzh12_nrtzqBPsTCqenA,ã‚¢ã‚­ãƒ­ã‚¼Chã€‚Vtuber/ãƒ›ãƒ­ãƒ©ã‚¤ãƒ–æ‰€å±,Aki Rosenthal,Hololive,1st Generation,517000,405
UCQ0UDLQCjY0rmuxCDE38FGg,Matsuri Channel å¤è‰²ã¾ã¤ã‚Š,Natsuiro Matsuri,Hololive,1st Generation,994000,485
UCHj_mh57PVMXhAUDphUQDFA,Akai Haato Sub èµ¤äº•ã¯ã‚ã¨,Akai Haato (Sub),Hololive,1st Generation,150000,0
UCLbtM3JZfRTg8v2KGag-RMw,AkiRose Ch.ã‚¢ã‚­ãƒ»ãƒ­ãƒ¼ã‚¼ãƒ³ã‚¿ãƒ¼ãƒ«Sub,Aki Rosenthal (Sub),Hololive,1st Generation,146000,0
UC1opHUrw8rvnsadT-iGp7Cg,Aqua Ch. æ¹Šã‚ãã‚,Minato Aqua,Hololive,2nd Generation,1260000,327
UC1suqwovbL1kzsoaZgFZLKg,Choco Ch. ç™’æœˆã¡ã‚‡ã“,Yuzuki Choco,Hololive,2nd Generation,629000,246
UC7fk0CB07ly8oSl0aqKkqFg,Nakiri Ayame Ch. ç™¾é¬¼ã‚ã‚„ã‚,Nakiri Ayame,Hololive,2nd Generation,925000,173
UCvzGlP9oQwU--Y0r9id_jnA,Subaru Ch. å¤§ç©ºã‚¹ãƒãƒ«,Oozora Subaru,Hololive,2nd Generation,938000,343
UCXTpFs_3PqI41qX2d9tL2Rw,Shion Ch. ç´«å’²ã‚·ã‚ªãƒ³,Murasaki Shion,Hololive,2nd Generation,762000,353
UCp3tgHXw_HI0QMk1K8qh3gQ,Choco subCh. ç™’æœˆã¡ã‚‡ã“,Choco Sub Channel,Hololive,2nd Generation,250000,55
UChAnqc_AY5_I3Px5dig3X1Q,Korone Ch. æˆŒç¥ã“ã‚ã­,Inugami Korone,Hololive,GAMERS,1530000,353
UCp-5t9SrOQwXMU7iIjQfARg,Mio Channel å¤§ç¥ãƒŸã‚ª,Ookami Mio,Hololive,GAMERS,721000,271
UCvaTdHTWBGv3MKj3KVqJVCw,Okayu Ch. çŒ«åˆãŠã‹ã‚†,Nekomata Okayu,Hololive,GAMERS,1060000,330
UC1DCedRgGHBdm81E1llLhOQ,Pekora Ch. å…ç”°ãºã“ã‚‰,Usada Pekora,Hololive,3rd Generation,1490000,498
UCCzUftO8KOVkV4wQG1vkUvg,Marine Ch. å®é˜ãƒãƒªãƒ³,Houshou Marine,Hololive,3rd Generation,1330000,544
UCdyqAaZDKHXg4Ahi7VENThQ,Noel Ch. ç™½éŠ€ãƒã‚¨ãƒ«,Shirogane Noel,Hololive,3rd Generation,1100000,411
UCl_gCybOJRIgOXw6Qb4qJzQ,Rushia Ch. æ½¤ç¾½ã‚‹ã—ã‚,Uruha Rushia,Hololive,3rd Generation,1190000,306
UCvInZx9h3jC2JzsIzoOebWg,Flare Ch. ä¸çŸ¥ç«ãƒ•ãƒ¬ã‚¢,Shiranui Flare,Hololive,3rd Generation,641000,543
UC1uv2Oq6kNxgATlCiez59hw,Towa Ch. å¸¸é—‡ãƒˆãƒ¯,Tokoyami Towa,Hololive,4th Generation,659000,391
UCa9Y57gfeY0Zro_noHRVrnw,Luna Ch. å§«æ£®ãƒ«ãƒ¼ãƒŠ,Himemori Luna,Hololive,4th Generation,582000,322
UCqm3BQLlJfvkTsX_hvm0UmA,Watame Ch. è§’å·»ã‚ãŸã‚,Tsunomaki Watame,Hololive,4th Generation,909000,502
UCS9uQI-jC3DE0L4IpXyvr6w,Coco Ch. æ¡ç”Ÿã‚³ã‚³,Kiryu Coco,Hololive,4th Generation,1150000,744
UCZlDXzGoo7d44bwdNObFacg,Kanata Ch. å¤©éŸ³ã‹ãªãŸ,Amane Kanata,Hololive,4th Generation,850000,527
UCAWSyEs_Io8MtpY3m-zqILA,Nene Ch.æ¡ƒéˆ´ã­ã­,Momosuzu Nene,Hololive,5th Generation,632000,273
UCFKOVgVbGmX65RxO3EtH3iw,Lamy Ch. é›ªèŠ±ãƒ©ãƒŸã‚£,Yukihana Lamy,Hololive,5th Generation,687000,322
UCK9V2B22uJYu3N7eR_BT9QA,Polka Ch. å°¾ä¸¸ãƒãƒ«ã‚«,Omaru Polka,Hololive,5th Generation,701000,352
UCUKD-uaobj9jiqB-VXt71mA,Botan Ch.ç…ç™½ã¼ãŸã‚“,Shishiro Botan,Hololive,5th Generation,814000,308
UCHsx4Hqa-1ORjQTh9TYDhww,Takanashi Kiara Ch. hololive-EN,Takanashi Kiara,Hololive,English 1st Gen,1000000,245
UCL_qhgtOy0dy1Agp8vkySQg,Mori Calliope Ch. hololive-EN,Mori Calliope,Hololive,English 1st Gen,1420000,219
UCMwGHR0BTZuLsmjY_NT5Pwg,Ninomae Ina'nis Ch. hololive-EN,Ninomae Inaâ€™nis,Hololive,English 1st Gen,1010000,196
UCoSrY_IQQVpmIRZ9Xf-y93g,Gawr Gura Ch. hololive-EN,Gawr Gura,Hololive,English 1st Gen,2770000,166
UCyl1z3jo3XHR1riLFKG5UAg,Watson Amelia Ch. hololive-EN,Watson Amelia,Hololive,English 1st Gen,1220000,280
UCAoy6rzhSf4ydcYjJw3WoVg,Airani Iofifteen Channel hololive-ID,Airani Iofifteen,Hololive,Indonesia 1st Gen,381000,229
UCOyYb1c43VlX9rc_lT6NKQw,Ayunda Risu Ch. hololive-ID,Ayunda Risu,Hololive,Indonesia 1st Gen,459000,319
UCP0BspO_AMEe3aQqqpo89Dg,Moona Hoshinova hololive-ID,Moona Hoshinova,Hololive,Indonesia 1st Gen,691000,227
UC727SQYUvx5pDDGQpTICNWg,Anya Melfissa Ch. hololive-ID,Anya Melfissa,Hololive,Indonesia 2nd Gen,316000,129
UChgTyjG-pdNvxxhdsXfHQ5Q,Pavolia Reine Ch. hololive-ID,Pavolia Reine,Hololive,Indonesia 2nd Gen,390000,190
UCYz_5n-uDuChHtLo7My1HnQ,Kureiji Ollie Ch. hololive-ID,Kureiji Ollie,Hololive,Indonesia 2nd Gen,621000,162
UC6t3-_N8A6ME1JShZHHqOMw,Miyabi Ch. èŠ±å’²ã¿ã‚„ã³,Hanasaki Miyabi,Hololive,Holostars 1st Gen,78600,377
UC9mf_ZVpouoILRY9NUIaK-w,Rikka ch.å¾‹å¯,Rikkaroid,Hololive,Holostars 1st Gen,161000,330
UCKeAhJvy8zgXWbh9duVjIaQ,Aruran Ch. ã‚¢ãƒ«ãƒ©ãƒ³ãƒ‡ã‚£ã‚¹,Arurandeisu,Hololive,Holostars 1st Gen,105000,655
UCZgOv3YDEs-ZnZWDYVwJdmA,Izuru Ch. å¥æ‰‹ã‚¤ãƒ…ãƒ«,Kanade Izuru,Hololive,Holostars 1st Gen,119000,274
UCANDOlYTJT7N5jlRC3zfzVA,Roberu Ch. å¤•åˆ»ãƒ­ãƒ™ãƒ«,Yukoku Roberu,Hololive,Holostars 2nd Generation,177000,748
UCGNI4MENvnsymYjKiZwv9eg,Temma Ch. å²¸å ‚å¤©çœŸ,Kishido Temma,Hololive,Holostars 2nd Generation,74300,455
UCNVEsYbiZjH5QLmGeSgTSzg,astel ch.ã‚¢ã‚¹ãƒ†ãƒ«,Astel Leda,Hololive,Holostars 2nd Generation,121000,379
UChSvpZYRPh0FvG4SJGSga3g,Shien Ch.å½±å±±ã‚·ã‚¨ãƒ³,Kageyama Shien,Hololive,Holostars 3rd Gen,126000,269
UCwL7dgTxKo8Y4RFIKWaf8gA,Oga Ch.è’å’¬ã‚ªã‚¦ã‚¬,Aragami Oga,Hololive,Holostars 3rd Gen,109000,276
UC0lik9pHju6ONgkBh7N5wHw,Vihaanã€NIJISANJI INã€‘,Vihaan,Nijisanji,INACTIVE,9280,129
UC1519-d1jzGiL1MPTxEdtSA,å…«é‡æ²¢ãªã¨ã‚Š / Yaezawa Natori,Yaezawa Natori,.LIVE,INACTIVE,106000,580
UC5nfcGkOAm3JwfPvJvzplHg,åŒ—ä¸ŠåŒè‘‰,Kitakami Futaba,.LIVE,INACTIVE,110000,239
UC6oW4FXETgEGOFTxWmI2h5Q,Noorã€NIJISANJI INã€‘,Noor,Nijisanji,INACTIVE,60500,128
UC_aB_-PHLFHiP61djM0oOiQ,Aadyaã€NIJISANJI INã€‘,Aadya,Nijisanji,INACTIVE,15000,177
UCaFhsCKSSS821N-EcWmPkUQ,ç£å¯Œãƒ¢ãƒã‚¨-Jitomi Monoe-:æ´»å‹•çµ‚äº†,Jitomi Monoe,VOMS,INACTIVE,102000,0
UCEzsociuFqVwgZuMaZqaCsg,Kira Ch. é¡è¦‹ã‚­ãƒ©,Kagami Kira,Hololive,INACTIVE,63800,95
UC_FqH-6GpFosu_P0ApjqW5A,Kirihime Ria Ch. åˆ‡å§«ã‚Šã‚,Kirihime Ria,Tsunderia,INACTIVE,7330,0
UCgNVXGlZIFK96XdEY20sVjg,Civia Ch.,Civia,Hololive,INACTIVE,59500,0
UCgZuwn-O7Szh9cAgHqJ6vjw,Aloe Ch.é­”ä¹ƒã‚¢ãƒ­ã‚¨,Mano Aloe,Hololive,INACTIVE,217000,0
UCHKJMmZJjLpkjZDPp_miSzg,ã‚»ãƒ•ã‚£ãƒ©ãƒ»ã‚¹ã‚¥,Sephira Su,Independents,INACTIVE,55900,0
UCiGcHHHT3kBB1IGOrv7f3qQ,é‡‘å‰›ã„ã‚ã¯,Kongou Iroha,.LIVE,INACTIVE,103000,137
UCLpYMk5h1bq8_GAFVBgXhPQ,ã€ŠIzumoKasumiã€‹Project channelã€ã«ã˜ã•ã‚“ã˜ã€‘,Izumo Kasumi,Nijisanji,INACTIVE,113000,104
UCmM5LprTu6-mSlIiRNkiXYg,æœ¨æ›½ã‚ãšã,Kiso Azuki,.LIVE,INACTIVE,62500,38
UCsehvfwaWF6nWuFnXI0AqZQ,Kaoru Ch.æœˆä¸‹ã‚«ã‚ªãƒ«,Tsukishita Kaoru,Hololive,INACTIVE,39500,0
UCufQu4q65z63IgE4cfKs1BQ,èªéƒ¨ç´¡,Kataribe Tsumugu,Nijisanji,INACTIVE,64900,3
UCwBMSUVMvck6EaBD0f1tHsQ,Why am I me ?,Tsudurime Higasa,Chukorara,INACTIVE,6090,0
UCwQ9Uv-m8xkE5PzRc7Bqx3Q,å¾¡ä¼½åŸ æ±Ÿè‰¯ / Otogibara Eraã€ã«ã˜ã•ã‚“ã˜ã€‘,Otogibara Era,Nijisanji,INACTIVE,524000,0
UCzMAP-oh5-pC8j6RlCPf26w,ìœ„í”¼ / Wiffy ã€NIJISANJI KRã€‘,Wiffy,Nijisanji,INACTIVE,8470,14
UC01gb86Qdlkh23Nqk3A1OLQ,ã‚†ã‚‹ã‚Šã‚ã-Yururi Megu-,Yururi Megu,Independents,,17400,504
UC04QM30wwa0qMs101Mwz29w,å¤©æ›°ã²ã‚ˆ-HiyoAmai-,å¤©æ›°ã²ã‚ˆ-HiyoAmai-,Independents,,48900,767
UC0e6zo8oX6ISSBjPaSZsjeA,æ‡²å½¹å¤ªéƒãƒãƒ£ãƒ³ãƒãƒ«,Choueki Tarou,Independents,,302000,574
UC0Qt-ycVvKBcP5J_Xz44zTg,æ±Ÿæˆ¸ãƒ¬ãƒŠEdo Lena,Edo Lena,Independents,,20900,145
UC0QzO6nK1cEDZvJSt2769Zw,ãƒ‡ãƒ©ã¨ãƒãƒ‰ã‚¦,Deratohadou,Independents,,10900,207
UC0RVF3KPjfS7WnH2xbpqghA,Mel Ch. ã‚ªã‚°ãƒªãƒ¡ãƒ«,Oguri Mel,Hoshimeguri Gakuen,,63100,206
UC1qGKZnAnIc1wgRDOT2IOtg,Lamuril Official / project Little Lindo,Lamuril Ragna X',X enc'ount,,4070,20
UC1ucgoC_sGww_Euu5iMqpQw,Ririsya Music,Ririsya Music,Independents,,55000,89
UC1yoRdFoFJaCY-AGfD9W0wQ,Projekt Melody,Projekt Melody,VShojo,,503000,99
UC22BVlBsZc6ta3Dqz75NU6Q,ã½ã¡ã¾ã‚‹:POCHI-GOYA channel,Iida Pochi,Independents,,175000,275
UC3czs41x7HD5-nk_cZ-Eo3g,Mana Renewal,Mana Renewal,Independents,,96300,89
UC3e37Zv08ZpnGyjzZpqzuLA,Yogarun Ch. é³´å°ºã‚ˆãŒã‚‹,Nakishaku Yogaru,Unreal Night Girls,,52700,295
UC3iwL9Yz8LcKkJsnLPevOTQ,ã®ã‚‰ãã‚ƒã£ã¨ãƒãƒ£ãƒ³ãƒãƒ«,Nora Cat,Independents,,84400,349
UC3-jXrZXv-PQshpaTQpicPQ,ã®ã‚“ã¡ã‚ƒã‚“ã­ã‚‹ã€æ¡œæœˆèŠ±éŸ³ã€‘,Sakurazuki Kanon,Independents,,37900,422
UC3M6qo4pfbnqDJGEREpf-RA,ã‚¢ãƒªã‚¹ãƒ»ãƒ›ãƒ¯ã‚¤ãƒˆalice white,Alice White,Independents,,1760,0
UC3Ruo_5doyu514PesWGvCAg,Aoi ch.,Fuji Aoi,Independents,,310000,638
UC3vzVK_N_SUVKqbX69L_X4g,ç·‹ç¬ ãƒˆãƒ¢ã‚·ã‚« - Tomoshika Hikasa -,Hikasa Tomoshika,VOMS,,146000,213
UC3ymRo2Xj8h1tyRGjQsyFaw,Kokona CH.æˆŒåƒä»£ã“ã“ãª,Inuchiyo Kokona,Hoshimeguri Gakuen,,5660,36
UC46Wizhr_xgL9Rm9onVkPQQ,ãƒãƒ­ãƒ«ã¡ã‚ƒã‚“ã­ã‚‹/çŠ¬æœ›ãƒãƒ­ãƒ«,Inumochi Chiroru,ReACT,,7130,128
UC4lCGN8XFyThIK_E2dlwIow,ã€Mika Channelã€‘æ™´æµ·ã¿ã‹,Harumi Mika,ViViD,,212,403
UC4OeUf_KfYRrwksschtRYow,èŠ±é‹ã‚­ãƒ§ã‚¦/ã‚­ãƒ§ã‚¦ã¡ã‚ƒã‚“ã­ã‚‹,Hanabasami Kyo,ReACT,,282000,102
UC4SUl-nTftCcl3t7NKPd0_Q,shirose aoiCh.ç™½ç€¬ ã‚ãŠã„ / ãƒ—ãƒ­ãƒ—ãƒ­,Shirose Aoi,ProPro,,13400,25
UC4YaOt1yT-ZeyB0OmxHgolA,A.I.Channel,Kizuna AI,Kizuna Ai Inc.,,2950000,1028
UC55-Y4cBl6alNaaOVVEYgSA,Kani Kanizawa Ch.,Kani Kanizawa,Atelier Live,,26800,47
UC5Ejf_RIWMVDAjA4B-GV5Zg,Europa Yuu,Europa,Atelier Live,,2210,31
UC5LyYg6cCA4yHEYvtUsir3g,ä¸€ãƒç€¬ã†ã‚‹ã¯,Uruha Ichinose,VSpo,,221000,691
UC5Oe-wG53cRHkpV3aHXfLUQ,YUIKA'S ROOM,Kazami Yuika,Independents,,121000,59
UC5u-VD8k8i8xneMtnWet_9Q,ãƒ†ãƒˆãƒ©channel,Tetra,Independents,,14100,39
UC5Xse6X7vB_nUL5HvEFVo_g,COCOA CHANNEL,Domyoji Cocoa,Riot Music,,157000,72
UC6HjtF2rHZO8gAsX5FXF-Kg,å§«ç†Š ã‚Šã¼ã‚“-Himekuma Ribon-,Himekuma Ribon,ReACT,,66300,1025
UC7A7bGRVdIwo93nqnA3x-OQ,è‹ºå’²ã¹ã‚Šãƒ / Maisaki Berry,Maisaki Berry,Independents,,29300,185
UC7CtvN04ublW4LGTPksG6mg,Figaro,Figaro,Independents,,15300,239
UC7Gow-kNHq21oejSIDg9PAg,å¹¸ç¥œ - koko -,koko,KAMITSUBAKI,,91300,32
UC7-N7MvN5muVIHqyQx9LFbA,ãƒ¡ã‚¤ã‚«ã¡ã‚ƒã‚“ã­ã‚‹,Utai Meika,Independents,,217000,1242
UC7wZb5INldbGweowOhBIs8Q,çŸ³ç‹©ã‚ã‹ã‚Š/ã‚ãŠãã‚Šé«˜æ ¡,Ishikari Akari,Aogiri Highschool,,42300,90
UC7XCjKxBEct0uAukpQXNFPw,HACHI,HACHI,Independents,,33000,75
UC7yqc24BjJwi3PoqhXrx6og,ãŸã¿ãƒ¼Ch / æ°‘å®‰ã¨ã‚‚ãˆ,Mia Tami,Independents,,90200,575
UC7YXqPO3eUnxbJ6rN0z2z1Q,DELUTAYA Î”.,DELUTAYA Î”.,Independents,,130000,3
UC84RYorF7UcJzt_iAYXBisA,ã‚¦ã‚¿ã‚´ã‚¨æ”¾é€éƒ¨ãƒ—ãƒ­ã‚¸ã‚§ã‚¯ãƒˆ,Utagoe Housoubu,Independents,,65600,195
UC8jskpQfW9fn2NLK3PdaGdg,å¤¢å·ã‹ãªã†/Kanau ch,Yumekawa Kanau,ReACT,,19400,270
UC8ULiqkVMr06RZzSi2C14ew,ãƒãƒ¼ãƒãƒ£ãƒ«ãƒ¡ã‚¤ãƒ‰å–«èŒ¶ã€ã¾ã™ã‹ã‚Œãƒ¼ã©ã€,Masquerade Official,Masquerade,,25000,25
UC90vyzmRgWCE17-uWNsKW2Q,ã€Re:AcT /ãƒªã‚¢ã‚¯ãƒˆã€‘å…¬å¼ãƒãƒ£ãƒ³ãƒãƒ«,Re:Act Official,ReACT,,15600,170
UC9127w5CLmWugWcpdGGuKOA,ãƒãƒ­ã‚¯ãƒ­ã‚¹ãƒ•ã‚¡ã‚¤ã‚¢Official,Lemuel Ragna X',X enc'ount,,2720,179
UC_9nmotxi7FAfiJpo1RKy8A,ãƒãƒ¼ãƒ«ã„ã‚ã£ã‹ maaru,Maru Iwaka,Independents,,24000,304
UCa5g-Q_NT2COXiSS55bwXVQ,Kazami Mikan - é¢¨æµ·ã¿ã‹ã‚“ã¡ã‚ƒã‚“ã­ã‚‹ - official,Kazami Mikan,ReACT,,5120,172
UCa9wTL0z_iNN13n4G5VmbJg,ã‚†ã‚“ã¡ã‚ƒã‚€ã¡ã‚ƒã‚“ã­ã‚‹,Yun Chamu,Marbl_s,,1550,90
UCAE1yQeCWiv1eSxAmzpzD4Q,ãªãªã‚ã¡ã‚ƒã‚“ /gokigen naname,Gokigen Naname,Independents,,69400,49
UCah4_WVjmr8XA7i5aigwV-Q,ãƒ°ä¸–ç•Œæƒ…ç·’ -Isekaijoucho-,Isekaijoucho,KAMITSUBAKI,,113000,41
UCAHXqn4nAd2j3LRu1Qyi_JA,ã‚¨ãƒˆãƒ© / Ã©traãƒãƒ£ãƒ³ãƒãƒ«,Ã‰tra,Eilene Family,,20900,33
UCajhBT4nMrg3DLS-bLL2RCg,å¤©é‡ãƒ”ã‚«ãƒŸã‚£. Pikamee,Amano Pikamee,VOMS,,433000,451
UCAOhUv73jM5iCpOhuJOQzxA,KAMITSUBAKI STUDIO,KAMITSUBAKI STUDIO,Independents,,47200,18
UCAr7rLi_Wn09G-XfTA07d4g,å¤©ç¥ å­å…éŸ³ Tenjin Kotone,Tenjin Kotone,Independents,,313000,342
UCAvgFoTWEisO5Pp7eYVDgEw,ã‚¯ãƒ­ãƒãƒ­ã‚¯,Chrono Lock,ViViD,,6330,32
UCaWuiIyX89dLP5H4pA7QAvQ,Xâ€™Flare project,X'Flare,X enc'ount,,8290,43
UCB1s_IdO-r0nUkY2mXeti-A,ç…å­ç¥ãƒ¬ã‚ªãƒŠ/ãƒ¬ã‚ªãƒŠã¡ã‚ƒã‚“ã­ã‚‹,Shishigami Leona,ReACT,,242000,453
UCBC7vYFNQoGPupe5NxPG4Bw,QuonTama Ch. ä¹…é ãŸã¾,QuonTama,Independents,,74200,250
UCBe_jjkUHhVNAj46bukAbJA,Koto Miyuri Ch. / ã‚³ãƒˆãƒŸãƒ¦ãƒª / ç´ã¿ã‚†ã‚Š,Koto Miyuri,ReACT,,27200,154
UCBePKUYNhoMcjBi-BRmjarQ,Natsumi Moe - Virtual YouTuber,Natsumi Moe,Eilene Family,,437000,227
UCbfv8uuUXt3RSJGEwxny5Rw,ã‚«ã‚°ãƒ©ãƒŠãƒŠchannelï¼ãªãªã‹ãã‚‰,Kagura Nana,Independents,,241000,84
UCbFwe3COkDrbNsbMyGNCsDg,A.I.Games,Kizuna AI,Kizuna Ai Inc.,,1540000,885
UCBIR44irWpj1eTx0ZQFofHg,å¤å®ˆã¡ã‚† /komori chiyu,Komori Chiyu,Chukorara,,11900,136
UCBJFtEEDnCpz8koPH-nLWUA,ãã‚‹ã¿!,Kurumi,Independents,,61300,74
UCBKxF1PHQtT78ypcVYmBtBA,äºŒå’Œé¤…ã‚ã‚“ã“,Fuwamochi Anko,ViViD,,9000,237
UCBQd84IW8OvM8H5jftHdvmw,ç¥åŸãã‚Œã‚/Kurea Channel,Kamishiro Kurea,Independents,,34000,794
UCBsrAA8Z_6Ot3my0vM8dlvg,upd8ãƒãƒ£ãƒ³ãƒãƒ«,upd8,Independents,,7450,36
UCc5bWVuWyL74ngKNjm49hdw,yumesaki miaCh.å¤¢å’²ãƒŸã‚¢ / ãƒ—ãƒ­ãƒ—ãƒ­,Yumesaki Mia,ProPro,,56400,151
UCc5H1WmEARIj2R16mvut0ZA,Lyrica Ch. ãƒªãƒªã‚« æ°¸éŸ³,Lyrica,Independents,,69500,205
UCcD_EdnJcOjJMohDn435D3w,- Yuki Shirane -ç™½éŸ³ã‚†ãã¡ã‚ƒã‚“ã­ã‚‹,Shirane Yuki,ReACT,,21800,352
UCckQQRZVF9x2GjroBjNIX_Q,æ¯”è‰¯å‚èŠ½è¡£ /Mei Hirasaka,Mei Hirasaka,Independents,,34800,178
UCDG8K9g6qo8gX4jCjsqUVzA,MonsterZ MATE,MonsterZ MATE,Independents,,140000,571
UCDl5qfjqZR5MLN1pogAgBog,Shirahari Uni ch. ç™½é‡ã†ã«,Shirahari Uni,Independents,,105000,32
UCdsHTs3OOKj_ANMKnmbUASw,Lemuel Ragna X',Nero X' Fire,X enc'ount,,1600,34
UCdYR5Oyz8Q4g0ZmB4PkTD7g,Uto Ch. å¤©ä½¿ã†ã¨,Amatsuka Uto,Independents,,492000,87
UCE0KFKU_O2FkHljyayB7kXw,ä¸ƒæµ·ãªã‚‹ / Nanami Naru,Nanami Naru,V Dimension.Creators,,1970,163
UCE5rWcDxLPaaUFWOxzJFfNg,å¡©å¤©ä½¿ã¡ã‚ƒã‚“ã­ã‚‹,Shiotenshi Rieru,Independents,,14000,167
UCE7gtjLeZKNXLp5YURzYYeg,æ˜¥çŒ¿ç« -Harusaruhi-,Harusaruhi,KAMITSUBAKI,,121000,44
UCeAfiVvEuyICYJW-f3GnQjQ,ã‚±ãƒªãƒ³,Kerin,Independents,,167000,92
UCEYU-OEI9FnbeC5hna_cbhw,é«˜å€‰ã‚€ãASMRâ€•Muki Takakuraâ€•,Takakura Muki,Independents,,191000,64
UCeZsdcN25H3YmjXAKARorQA,Chai,Chaikitsu,Atelier Live,,21100,56
UCf6J4I7NwMXtuIU8YZKAjCA,Kohaku Ch / å”¯ç‰™ã‚³ãƒã‚¯,Yuiga Kohaku,ReACT,,11000,21
UCFahBR2wixu0xOex84bXFvg,Annin Miru Channel,Annin Miru,Independents,,322000,231
UCfBkUgaJ6eqYA9_TX2cmq9A,ç†èŠ½,RIM,KAMITSUBAKI,,157000,68
UCFEd5V7VcxBPPcuMGpmvkQA,TobaRana Ch. é³¥ç¾½æ¨‚å¥ˆ,TobaRana,Independents,,51500,239
UCfeznQrLe9URem6xJmWQVlw,Mama Ch. å€‰æŒäº¬å­,Kuramochi Kyoko,Hoshimeguri Gakuen,,110000,203
UCFG6teapZaN6J1oVXl7MYPA,å¤§ä»£çœŸç™½/ã‚ãŠãã‚Šé«˜æ ¡ç¾è¡“éƒ¨,Oshiro Mashiro,Aogiri Highschool,,35500,72
UCfiK42sBHraMBK6eNWtsy7A,Mari Channelã‹ã—ã“ã¾ã‚Š,Kashiko Mari,Independents,,121000,504
UCfiSo8tO3WPU-8YOgr4Ba6g,V.W.P -Virtual Witch Phenomenon-,V.W.P. Official,KAMITSUBAKI,,29300,2
UCfIZ5P7BcgIyLpfOj66DwtA,Chiika Ch. å±±æ ¹ã¡ã„ã‹,Yamane Chiika,Atelier Live,,5990,24
UCflNPJUJ4VQh1hGDNK7bsFg,çŒ«èŠ’ãƒ™ãƒ«-Bell Nekonogi,Nekonogi Bell,ViViD,,18200,910
UCf-PcSHzYAtfcoiBr5C9DZA,é•·ç€¬æœ‰èŠ± / YUKA NAGASE,Yuka Nagase,Riot Music,,20400,34
UCFrH3bfn7gDeV29wrHHM80g,å°„è²«ã¾ã¨ã„ã¡ã‚ƒã‚“ã­ã‚‹,Inuki Matoi,ReACT,,48500,471
UCftJR3Qm0LyEuEQue1QYytA,Natsume Ch. / ç´™ä»£ãªã¤ã‚,Kamishiro Natsume,Independents,,61700,427
UCF_U2GCKHvDz52jWdizppIA,ç©ºæ¾„ã‚»ãƒŠ -Asumi Sena-,Asumi Sena,VSpo,,26600,237
UCfuz6xYbYFGsWWBi3SpJI1w,é¹¿ä¹ƒ ã¾ã»ã‚ / Mahoro Kano,Kano,Independents,,112000,6
UCFv2z4iM5vHrS8bZPq4fHQQ,HIMEHINA Channel,HIMEHINA Channel,Independents,,653000,354
UCfwAKc_vwVTzTcm1wki8oHg,ã¿ã¯ã¿ãªã¡ã‚ƒã‚“ã­ã‚‹ -Miharu & Minami- ã€AsobiLiveæ‰€å±ã€‘,Shimada Miharu,Marbl_s,,1150,223
UC_fYA9QRK-aJnFTgvR_4zug,Nanahira,Nanahira,Independents,,111000,90
UCg8TPE5nLLOqlNnBivmQwww,Japanese HANJO! TV,Kimino Miya,Independents,,242000,380
UCGFD_8TRHhlpjfqGhLUSk4g,icoé€šå¤œã®é»„æ³‰å·¡ã‚Šch,Icotsu,Independents,,15400,11
UCghSSXNbZRmPAv3UaS8g21A,å¤æ¢…ã‚¦ãƒ«ã‚¿:Ulta channel,Natsume Ulta,Independents,,8050,48
UCGH_ty6YBy2Q9KWtiRYm2IQ,RIOT MUSIC,Riot Music Official,Riot Music,,3150,2
UCgttI8QfdWhvd3SRtCYcJzw,koinoya maiCh.æ‹ä¹ƒå¤œã¾ã„ / ãƒ—ãƒ­ãƒ—ãƒ­,Koinoya Mai,ProPro,,151000,41
UCgTzsBI0DIRopMylJEDqnog,å°é›€ã¨ã¨ / Toto Kogara,Toto Kogara,VSpo,,23100,371
UCguTLlIfEP-1KzkogRUcAKw,klaeia,Kuri,Atelier Live,,1690,21
UCGWa1dMU_sDCaRQjdabsVgg,å¦‚æœˆã‚Œã‚“ -Ren kisaragi-,Ren Kisaragi,VSpo,,25000,129
UCH1B9AR8sfWJVf9zcu9rbGg,ã‚³ã‚³ãƒ„ã‚­ CocoTsuki Project,Coco Tsuki,Independents,,75400,95
UCHccxX2p_9DB_HPnXSb2omw,æ˜¥æ—¥éƒ¨ã¤ãã—,Kasukabe Tsukushi,Independents,,37800,75
UCheqzZj54e5y_5HEtwG7FSA,ã‚¢ã‚¯ãƒ­ãƒ¼,Oruka,V Dimension.Creators,,812,206
UChgPVLjqugDQpRLWvC7zzig,ironmouse,Ironmouse,VShojo,,396000,83
UC-HKrHYwUV1hX6SEn22Su7Q,amaki channel/ç«œç”° å¤©å§«,Tatsuta Amaki,ViViD,,,1
UChLfthKoUV502J7gU9STArg,æ¸‹è°·ãƒãƒ«,Shibuya HAL,Independents,,505000,1379
UChrTMfNcD1eN2ENGWBD7lUQ,Uruca ch /ã†ã‚‹ã‹,Uruca,Independents,,92700,176
UCHw7uZcEFhbUKyHyz9gOG6A,Io Ch. ä¹é ­é¾ã„ãŠ,Io,Atelier Live,,5080,69
UCHz3PeU1RRcY9vJDSqsigIA,Liliana Vampaia Channel å¸è¡€é¬¼ ãƒªãƒªã‚¢ãƒŠ,Liliana Vampaia,Independents,,56000,139
UCiBXVFuA-IPRrmb9r5cTT2w,LOLO Ch. ãƒ­ãƒ­ã®ãŠéƒ¨å±‹,LOLO,Independents,,55400,106
UCIcAj6WkJ8vZ7DeJVgmeqKw,èƒ¡æ¡ƒã®ã‚,Kurumi Noah,VSpo,,140000,334
UCIClNlvEUvEqLe_rs_i8h_w,sakura isumiCh.æœ”æ¡œ è¡£æ¾„ / ãƒ—ãƒ­ãƒ—ãƒ­,Sakura Isumi,ProPro,,12100,140
UCIdEIHpS0TdkqRkHL5OkLtA,ã•ãªã¡ã‚ƒã‚“ã­ã‚‹,Natori Sana,Independents,,243000,232
UCigpSsgPbdCxXtbfGksFIYQ,èŠ±ç¬ ã‚¤ãƒªãƒ¤-Hanagasa Ilya,Hanagasa Iria,Independents,,9820,114
UCil-nSDmDTgV9n4jjb95znw,éŒ¦å±±å¤¢é·¹,Nishikiyama Mutaka,Independents,,2380,343
UCiMG6VdScBabPhJ1ZtaVmbw,ãªãšã¡ã‚ƒã‚“ã­ã‚‹-Nazuna Channel,Nazuna Kaga,VSpo,,76000,658
UCIu-aUArYq_H84dBpCAokMA,ç™½é›ªãƒ¬ã‚¤ãƒ‰ãƒ¼Reid Channelãƒ¼,Shirayuki Reid,Independents,,107000,959
UCIwHOJn_3QjBTwQ_gNj7WRA,èŒå®Ÿã¡ã‚ƒã‚“ã­ã‚‹ã€‚,Moemi,Eilene Family,,14100,33
UCixf-9nmnPzTGeJTdW6TS-Q,Alice ch. / å¤¢å®®ã‚ã‚Šã™,Alice Yumemiya,Masquerade,,48400,82
UCIzspiyqiPDtfND-3MlQ41A,lovepie ch. / å¸¸å¤ã‚ã„ã¿,Aimi Tokonatsu,Masquerade,,37400,72
UCj6ZvZqDJsrwBal-5R_q1ZQ,å†¬å®ˆã—ãšã / Fuyumori Shizuku,Shizuku Fuyumori,Iridori,,4430,69
UCJA_J8CpKRT78Sr1bylS1vA,BÎ£retta Crossrain channel,BÎ£retta X' Rain,X enc'ount,,12100,87
UCj_dHWD0o2k_Ef4lwcXd0Iw,å‰¯å­¦åœ’é•·æ˜Ÿã‚ãã‚Šå­¦åœ’,Fukugaku Encho,Hoshimeguri Gakuen,,40300,137
UCji4kFR4n5TnEpqga0SHxlQ,ä¸ƒç€¬ã™ã°ã‚‹,Nanase Subaru,Independents,,11900,104
UCj_KuUzpOXAliYEesJwdrbw,ä¼Šæ±ãƒ©ã‚¤ãƒ•,Ito Life,Independents,,147000,249
UCJQMHCFjVZOVRYafR6gY04Q,å®‡ä½ç¾ãƒ¦ãƒã¿ã‚“ãƒãƒ£ãƒ³ãƒãƒ«,Usami Yuno,ReACT,,11900,254
UCjtEttSHpJacfd7a6fc4VXQ,ãƒãƒ¼ãƒãƒ£ãƒ«ã‚´ãƒªãƒ©GAMES,Virtual Gorilla Games,Independents,,95100,489
UCju7v8SkoWUQ5ITCQwmYpYg,ãƒ¡ãƒªãƒ¼ãƒŸãƒ«ã‚¯ã®æ£®,Merry Milk,.LIVE,,73200,92
UCjXBuHmWkieBApgBhDuJMMQ,å…«é›²ã¹ã«,Yakumo Beni,VSpo,,45500,43
UCKDHdDpoE9lurDuyAGAuNnw,ãƒãƒ¼ãƒãƒ£ãƒ«ã­ã“,Virtual Neko,Independents,,21300,423
UC_kJ27jGTWYniW-Xy3Ms5Cw,Hikari CH.ãƒç”³ä¹ƒã²ã‹ã‚Š,Kamino Hikari,Hoshimeguri Gakuen,,18200,152
UCK-J76mePKSWV4Sl6zV1Eiw,Chiem Ch.ãƒã‚¨ãƒ ãƒãƒ£ãƒ³ãƒãƒ«,Chiem,Independents,,817,74
UCkkdEmzZHMp9xqs_F7v1EQQ,æ¥ æœ¨ã•ã‚‰ã‚‰,Kusunoki Sarara,Marbl_s,,7050,474
UCkPIfBOLoO0hVPG-tI2YeGg,Tomari Mari channel / å…é ã¾ã‚Šã¡ã‚ƒã‚“ã­ã‚‹,Tomari Mari,Independents,,184000,706
UCKwATdrcjyzNv9c56PqJbWA,å‹‡å‡ªã‚¨ãƒ¬ãƒŠ / Elena Yunagi,Yunagi Elena,ViViD,,15000,675
UCL-2thbJ7grC9fmGF4OLuTg,CAMOMI Camomi Channel ã€é´¨è¦‹ã‚«ãƒ¢ãƒŸã€‘,Camomi Camomi,Independents,,72500,384
UCl-3q6t6zdZwgIsFZELb7Zg,ã—ã‚‰ã‚†ã‚Šãƒ˜ãƒ–ãƒ³ã¡ã‚ƒã‚“ã­ã‚‹,Shirayuri Lily,ViViD,,111000,1363
UCL4UZHX-26xAtVT4Jys5A1Q,Rena Ch. ç™½é³¥æ€œå¥ˆ : VOICE-ORE / ã¼ã„ããƒ¼ã‚Œ,Shiratori Rena,VOICE-ORE,,21900,18
UClf0kZBKcBVKVOAjGEGbQ-A,ã¾ã—ã‚ã¡ã‚ƒã‚“ã­ã‚‹ã€‚-Mashiro Channel-,Mashiro,Independents,,20800,117
UCLhUvJ_wO9hOvv_yYENu4fQ,Siro Channel,Dennou Shojo Shiro,.LIVE,,691000,1175
UCLOnKw76ypBM5PeYr4OdkJQ,Sakura CH.é¤…ã€…ã•ãã‚‰,Mochi Sakura,Hoshimeguri Gakuen,,5710,73
UCLQIMDHNE0ZGAiHIdMbq7dw,Yoruno Neon Project,Yoruno Neon,Independents,,22200,118
UClqZm49qdCGaV96s2ZN9--Q,å‡ªåŸæ¶¼èœ / SUZUNA NAGIHARA,Suzuna Nagihara,Riot Music,,85000,38
UClV7gDF9sUzu4jJCK7rCYkQ,æ³¡æ²«ãƒ¡ãƒ¢ãƒª / Utakata Memory,Utakata Memory,ViViD,,14600,463
UClxrt4pRmaqQnSlDii3EJBQ,ã¡ã‚€ã / Chimugi,Chimugi,Independents,,8060,419
UCm8Dj7dQ0oRHXNUXF31kjEw,Silvervale,Silvervale,VShojo,,155000,158
UCMAc88lqzqGV0uxgw9JDj0w,ç´ä¹ƒè‘‰ é›ªä¹ƒã€‚,Kotonoha Yukino,Independents,,26700,873
UCmaDYcJHNFrZ5Owuz-KM-Jw,è¼æµ·ã¾ã‚ŠãªKagami Marina,Kagami Marina,Independents,,33200,91
UCMIdnCqg2aqUS2V3ByzoBcg,Hina ch. æ —è«ã²ãª,Chris Hina,Unreal Night Girls,,22600,32
UCMMnAFarbXqv6SEImoANlAQ,umituki yuruCh.æµ·æœˆã‚†ã‚‹ / ãƒ—ãƒ­ãƒ—ãƒ­,Umituki Yuru,ProPro,,12000,104
UCMp55EbT_ZlqiMS3lCj01BQ,ç¥æˆãã‚…ã´ / Kaminari Qpi,Kaminari Qpi,VSpo,,79500,149
UCmssHxtaJAxIvje7LTHoKiw,é»’éŸ³ã‚ˆã¿ã€æ´»å‹•çµ‚äº†ã€‘,Kurone Yomi,ReACT,,24800,13
UCMxKcUjeTEcgHmC9Zzn3R4w,ã—ãã˜ã‚Šæ€§æ•™è‚²ã®ç”±å®‡éœ§ã¡ã‚ƒã‚“ã­ã‚‹,Yuugiri,Independents,,209000,306
UCMYtONm441rBogWK_xPH9HA,Mirai Akari Project,Mirai Akari Project,Independents,,710000,379
UCMzxQ58QL4NNbWghGymtHvw,ã‚«ãƒ«ãƒ­ãƒ»ãƒ”ãƒ,Carro Pino,.LIVE,,84100,410
UCn1coImC6NMDYCQfH_ILzXw,Kana Ch. ç¥ç‹ã‹ãª,Kamiko Kana,Independents,,127000,210
UCn3HVGEh-uMStdkcSL6g7TA,CateNa Channel / ã‚«ãƒ†ãƒŠãƒ»ãƒ´ã‚£ã‚ªãƒ¬ãƒƒã‚¿,Catena Violetta,ViViD,,551,119
UCNjTjd2-PMC8Oo_-dCEss7A,ãŠã‚ãŒã‚·ã‚¹ã‚¿ãƒ¼ã‚º [Î© Sisters],Omega Sisters,Independents,,273000,614
UCnqDxEcVsvt7WpDy0px1HgA,ãŠã ã®ã¶Vtuber,ãŠã ã®ã¶Vtuber,Independents,,32200,257
UCNV41fU_c4IvhrwHhGKSWLA,ãƒ‘ã‚«ã‚¨ãƒ« / Pakael,Pakael,Independents,,75600,262
UCnvVG9RbOW3J6Ifqo-zKLiw,å…å’²ãƒŸãƒŸ / Tosaki Mimi,Tosaki Mimi,VSpo,,19000,243
UCNwo7eikmX5HPs7NedWVBgw,éŸ¿æœ¨ã‚¢ã‚ª-HibikiAo-,Hibiki Ao,Independents,,66300,425
UCnZUaScptUZ7vBeV-4Vf4nw,ã²ã¾ã‚Šãƒãƒ£ãƒ³ãƒãƒ« HIMARI channel,Mochiduki Himari,Yuni Create,,170000,190
UCo54dcvExskwhUZQ8KbidhQ,æ•ã¡ãŠ / CHIO Ch.,Makura Chio,Unreal Night Girls,,27100,242
UCO5Jvsc_sKuZi3MhnJxrlzQ,Nyanners,Nyatasha Nyanners,VShojo,,1220000,188
UCo5pboqAxtr5gOFSDBGD09w,kaduki mikuruCh.è¯æœˆã¿ãã‚‹ / ãƒ—ãƒ­ãƒ—ãƒ­,Kaduki Mikuru,ProPro,,21200,165
UCODNLyn3L83wEmC0DLL0cxA,æœãƒå§‰å¦¹ã·ã‚ã˜ã‡ãã¨,Asano Ninja Sisters,Independents,,152000,1031
UCoFEbNyIRUS26-hf2AucwFw,çŒ«ä¹ƒãƒ¦ã‚­ãƒï¼NekonoYukino,Nekono Yukino,ReACT,,10400,21
UCOfuarJ9_C5OAD0mGS7KCyg,Amanohoshi chiroruCh.ç”˜ãƒæ˜Ÿã¡ã‚ã‚‹ / ãƒ—ãƒ­ãƒ—ãƒ­,Amanohoshi Chiroru,ProPro,,18900,109
UCO-FZDAG0mOvgu6jmGg1tiA,Mikado Ch. å¸,Mikado,Hoshimeguri Gakuen,,104000,144
UCOobfYvyNQqWHBpEaMnXr7w,Mochatan ch. / èŒã€…å«ã‚‚ã‹,Mocha Momoka,Masquerade,,120000,139
UCOozmdnOhOrk3mojTazi-TQ,Nanana Ch. é¢¨ç´™ä¸ƒé³´,Fumigami Nanana,Hoshimeguri Gakuen,,127000,147
UCORH-VrhMk_S24HzI0jSQEA,å¤©å±…ã²ã‹ã‚‹,Amaori Hikaru,Independents,,2570,97
UCOrjRyXJpMzfQFLWuWzGwlg,èŠ¦æãƒ¬ãƒ³ãƒª:LENRI channel,Ashieda Lenri,Independents,,17900,313
UCoupL81t75_Z4XRKzOSHLbg,ã¡ã‚‡ã“,Choko,Independents,,4220,34
UCP3pDau1JBOukp4AjyFCgHQ,Elle ch. /å¸½å­å±‹ãˆã‚‹,Elle Boushiya,Masquerade,,33300,139
UCp77Qho-YHhnklRr-DkjiOw,Laki Station ãƒ©ã‚­ã‚¹ãƒ†ãƒ¼ã‚·ãƒ§ãƒ³,Nijikawa Laki,Independents,,49600,197
UCP9ZgeIJ3Ri9En69R0kJc9Q,èŠ±äº¬é™¢ã¡ãˆã‚Š,Kakyouin Chieri,.LIVE,,100000,700
UCpBCiBjOoZanFhj-49LgcDg,ç¢§é‚£ã‚¢ã‚¤ãƒ« -AilChannel-,Hekina Airu,ReACT,,4570,142
UCPcsJUA8PhOy3c4y1Q1eu3g,ikoi momoaCh.æ†©å±…ã‚‚ã‚‚ã‚ / ãƒ—ãƒ­ãƒ—ãƒ­,Ikoi Momoa,ProPro,,5290,2
UCPdKdMpXlmwcGdfiUTNusfg,hanakumo rinCh.èŠ±é›² ã‚Šã‚“ / ãƒ—ãƒ­ãƒ—ãƒ­,Hanakumo Rin,ProPro,,20700,35
UCPeF0V8dzSUYHwgLjvC86PQ,é™½å¤ã®ã®/HinatsuNono,Hinatsu Nono,Independents,,11300,151
UCPf-EnX70UM7jqjKwhDmS8g,Magrona channel / ã¾ãã‚ãªã¡ã‚ƒã‚“ã­ã‚‹,Mao Magurona,Independents,,86700,592
UCpHIwGHq_3OfX42cyfyJp-A,KANADE MiMi ch.,KANADE MiMi ch.,Independents,,19300,208
UCPkhI1WcLilaKu44B5p0jZg,å¤æ‹ã²ã¾ã‚ã‚Š,Kawashima Himawari,Independents,,62200,42
UCPLeqi7rIqS9uY4_TrSUOMg,ã‚ãŠãã‚Šé«˜æ ¡/Vtuber High School,Aogiri Highschool,Aogiri Highschool,,149000,162
UCpLvJ42sm-edPGF8pKJonOQ,æœå·»æœ‰é¦™ / Fukumaki Yuka,Fukumaki Yuka,Iridori,,4210,66
UCpNu3ngL8XHyQ0-T5I8dB2g,sakuya azusaCh.å’²å¤œã‚ãšã• / ãƒ—ãƒ­ãƒ—ãƒ­,Sakuya Azusa,ProPro,,5860,12
UCpPuEfqwYbpn7e2jWdQeWew,æ°´ç“¶ãƒŸã‚¢/ãƒŸã‚¢ã¡ã‚ƒã‚“ã­ã‚‹,Mizugame Mia,ReACT,,24200,221
UCPZgBtMYoFKypEG2SCvBN9A,èŠ¦æ¾¤ã‚µã‚­ / SAKI ASHIZAWA,Saki Ashizawa,Riot Music,,172000,62
UCQ1U65-CQdIoZ2_NA4Z4F7A,èŠ±è­œ,KAF,KAMITSUBAKI,,521000,161
UCQ7KYc1-IMQ8_Uz7XTE5DWw,ç·‹èµ¤ã‚¨ãƒªã‚ªhiseki_erio channel,Hiseki Erio,Chukorara,,15300,118
UCqaCCTxZho-MUJlT3c9UyfA,æ¯”ä¹ƒé ˆã‚‹ã‚Š,Pinosu Ruri,ViViD,,96,0
UCQgi2mK2f9l0Dky2-YhVTYQ,Kogane Ch. æ—¥å‘ã“ãŒã­ : VOICE-ORE / ã¼ã„ããƒ¼ã‚Œ,Himukai Kogane,VOICE-ORE,,18600,23
UCqhhWjpw23dWhJ5rRwCCrMA,Aisha Channel,Aisha Channel,Independents,,306000,335
UCqo0CAZ46l6ic3A_LfhEgHg,ã‚¢ã‚¤ãƒªã‚¹ãƒ»ãƒ´ã‚§ãƒ¼ãƒ«ã€IRIS CHANNELã€‘,Iris Ayame,V Dimension.Creators,,4200,151
UCr9p1ZjLKgfaoqNorY7PiWQ,ayamy ã‚ã‚„ã¿ã¡ã‚ƒã‚“ã­ã‚‹,Ayamy,Independents,,35600,167
UCReYPHLeFKv-0wYgX6F2Zhw,å‡ºé›²ã‚ãã‚‹ã¡ã‚ƒã‚“ã­ã‚‹,Izumo Meguru,ReACT,,6520,113
UCRfz2yOn8C7Jg5zq4Xi67-Q,HimeHajime,Hime Hajime,VShojo,,68400,9
UCRXBTd80F5IIWWY4HatJ5Ug,èŠ±åœ’ã‚»ãƒ¬ãƒŠ,Hanazono Serena,Independents,,23900,282
UCsA8nM8e5--IdeRaxZwTWHg,ã‚†ã«ãƒãƒ£ãƒ³ãƒãƒ« UNI Channel,Akatsuki Yuni,Yuni Create,,133000,239
UCsBFeCb82qOXyUP19nmD9xw,Veibae,Veibae,Independents,,229000,35
UCSFaf99eT5T4wNN1O2Z3NZg,ã‚Œã„ãã‚‰!,Rei Kira,Independents,,129000,91
UCSgheR9xOIcQjlkeXqIofLQ,DeepWebUnderground / DWU,DeepWebUnderground / DWU,Independents,,103000,123
UCSH4t_nhsNIoxPza4ooYqaA,Healthy Ch. / èŠ±å®ˆã¸ã‚‹ã—,Hanamori Healthy,Independents,,37800,271
UCsHILl-8i1H9316RPeTEcfQ,å¾¡åœ’çµå”¯ / Misono Yui,Misono Yui,Iridori,,2740,68
UCsiKFVHkQSMlSe0vaCG0anw,MaiR Official YouTube,MaiR,Independents,,129000,288
UCs-lYkwb-NYKE9_ssTRDK3Q,ã­ãã‚ã¡ã‚ƒã‚“ -Yamaguro Nekuro- /ã‚ãŠãã‚Šé«˜æ ¡,Yamaguro Nekuro,Aogiri Highschool,,49000,27
UCsVUXbx_h0YEvfH41Zwa_5w,é›ªä¸¸ç–/ç–å·å®¤,Yukimaru Sen,Independents,,13900,117
UCt0F29rrrkOU5Vu2gyYgrBA,Yukari Ch / çš‡å™›ãƒ¦ã‚«ãƒªã€METEOã€‘,Kogami Yukari,ReACT,,27400,24
UCt30jJgChL8qeT9VPadidSw,ã—ãã‚Œã†ã„,Shigure Ui,Independents,,493000,108
UCt7_srJeiw55kTcK7M9ID6g,ãŸã¾ã“ã€‚Ch./ã‚ãŠãã‚Šé«˜æ ¡,Otodama Tamako,Aogiri Highschool,,132000,140
UCtCXaX0zEvYSgdkp-Po24TQ,ã¾ã»ã‚ãƒãƒ£ãƒ³ãƒãƒ«,Nijino Mahoro,Independents,,11600,84
UCTEZGNJDqv-isWSPRsEhnRA,Marumochi Tsukimi / ä¸¸é¤…ã¤ãã¿,Marumochi Tsukimi,ReACT,,8540,304
UCtjQoCilYbnxUXquXcVU3uA,ã°ã‚“ã¡ã‚ƒã‚“ã­ã‚‹,Bando,Marbl_s,,3180,664
UCtNeQ8cUwvAAhBbVbwfGWpg,Apricot the Lich,Froot,VShojo,,110000,25
UCUKngXhjnKJ6KCyuC7ejI_w,ç´«æ¡ƒã‚ã®ã‚“ã€Crazy Cooking Devil Anon Shitoã€‘,Shito Anon,Chukorara,,9220,216
UCupCAZz1l52vV8m-dvaoBVQ,Overideaå…¬å¼/ã‚ªãƒ¼ãƒãƒ¼ãƒ©ã‚¤ãƒ‡ã‚£ã‚¢,Mia Runis,Independents,,28900,83
UCupxrBQzU803Gzm05ECJffw,Mizuki Ch. è’¼äº•ç¾æœˆ : VOICE-ORE / ã¼ã„ããƒ¼ã‚Œ,Mizuki Aoi,VOICE-ORE,,7800,19
UCurEA8YoqFwimJcAuSHU0MQ,è‹±ãƒªã‚µ.Hanabusa Lisa,Hanabusa Lisa,VSpo,,44300,195
UCUZ5AlC3rTlM-rA2cj5RP6w,ç¥æ¥½ã™ãš,Kagura Suzu,.LIVE,,87500,692
UCv2byPgvl60Mh1vQBnXuksA,ã“ã‚ã­ ã½ã¡ -Pochi korone-,Korone Pochi,Independents,,33700,100
UCV2m2UifDGr3ebjSnDv5rUA,å°æ±ã²ã¨ãª / Hitona Kohigashi,Kohigashi Hitona,Independents,,33700,234
UCv6rts7X60zoL__5JPwdPGA,é‚£åŠ ã¿ã‚ãŠ,Miwao,Marbl_s,,1650,279
UCvA3f2VI7BDQtTc5FTqjyRg,ä¸ƒæ˜Ÿ ãƒ«ãƒŠ,Nanase Luna,V Dimension.Creators,,503,59
UCvEX2UICvFAa_T6pqizC20g,ä¹™å¥³ãŠã¨ / Otome Oto,Otome Oto,Independents,,40500,487
UCVLsPBwDtv7n7FZLiOsvhSQ,Zentreya,Zentraya,VShojo,,162000,79
UC_-vS9T3_X52HWMhIBsHouw,Anya Ch. ã‚¢ãƒ‹ãƒ£ãƒ‘ãƒ³ãƒ€ãƒªã‚¢,Anya Pandaria,Atelier Live,,5770,61
UCvU0iyfiz9zzXSlfzTbbR5w,Ruri Ch. / ç´«ä¹ƒå®®ã‚‹ã‚Š,Shinomiya Ruri,ViViD,,480,120
UCvUc0m317LWTTPZoBQV479A,æ©˜ã²ãªã® / Hinano Tachibana,Hinano Tachibana,VSpo,,94700,261
UCw8bMzcXgX4SAQPraOJIVgA,ãŠã†ã¾ã‚†ã†OumaYuu,Ouma Yuu,Independents,,14400,306
UCWCc8tO-uUl_7SJXIKJACMw,ç¥æ¥½ã‚ã‚ / KaguraMea,Kagura Mea,Independents,,271000,253
UCWImOidHDmm0KK20bkF-rSQ,Artemis of the Blue Ch.,Artemis of the Blue,Atelier Live,,225000,92
UCw-jEa3_788VkvM2zHzrDnw,Tenten Ch. / é³³ç²å¤©ã€…,Hourei Tenten,Independents,,89000,514
UCwXOUuxUxCJ1yD0JfogUvMg,ãƒ¦ã‚­ãƒŸãŠå§‰ã¡ã‚ƒã‚“ã­ã‚‹-Yukimi,Anezaki Yukimi,Independents,,40100,1158
UCwY13RnqWK4FNFeHGrK96Gw,çµµéƒ½ãˆã¨ã‚‰-EtoEtora-,Eto Etora,V Dimension.Creators,,659,89
UCX2Sm8SGWTUOyCizgrzadXA,ç¶ºç¾…æ˜Ÿã‚¦ã‚¿/ã‚¦ã‚¿ã¡ã‚ƒã‚“ã­ã‚‹,Kirahoshi Uta,ReACT,,27500,155
UCX3kDHyJjblueix0gAQ6aJA,Yachi CH.æ°·ç½®å…«èŒ…,Hioki Yachi,Hoshimeguri Gakuen,,62000,90
UCx45gypxj0fME6zxsLKsNow,ç„”æ©Ÿãƒ‘ã‚¤ãƒ­ã€ã»ã‚€ã‚‰ããƒ‘ã‚¤ãƒ­ã€‘,Homuragi Pairo,ViViD,,3730,235
UCX7WYPXASkYUm2GyomLllIg,Moscowmule Station,Moscow Mule,Independents,,9390,74
UCxBmyZNQDFJVr9-ZE7hAYfA,Nano ch. / å¤©ä½¿ãªã®,Tenshi Nano,Masquerade,,207000,106
UCxEyuO_ilEJ9P5BIbhASIew,Yaxie of the Bay Ch.,Yaxie of the Bay Ch.,Independents,,23100,106
UCxI2sKOL2JPX0SQwwKZFafQ,ã¾ã‚ã“,Mameko,Independents,,1890,59
UCxJ9SJLG7dA00M7VoEe4ltw,å¤©å·ã¯ã®/AmakawaHano,Amakawa Hano,ReACT,,68700,463
UCxmbiuI6Gyyln9Ec7uZ-8wQ,RANKA GAMES,Kosumi Ranka,V Dimension.Creators,,4020,38
UCxn-IeA9DCFxUthBk6rYdQQ,MiCosmiC baby /ãƒŸã‚³ã‚ºãƒŸãƒƒã‚¯ ãƒ™ã‚¤ãƒ“ãƒ¼,MiCosmiC Baby,Independents,,29300,84
UCXtQTtPJedfjqEPysorbsMg,ä¹…æª»å¤œãã… / Qualia Qu Ch.,Qualia Qu,ReACT,,98500,273
UCXzcu59Cbu-hkpNNXnNiKDg,ãƒã‚¹ã‚¿ãƒ¼ TV,Fukuya Master,Independents,,103000,418
UCY1qEwgCUFAS0mBnHixfPUg,ç™½å¸ƒã²ã¨ã‚vt,Hitome Hakuhu,ViViD,,65,22
UCy5lOmEQoivK5XK7QCaRKug,ãƒ¨ãƒ¡ãƒŸ -èŒå®Ÿ- ã‚¨ãƒˆãƒ© ãƒãƒ£ãƒ³ãƒãƒ«,Yomemi,Eilene Family,,497000,255
UCyb-cllCkMREr9de-hoiDrg,ãƒ¤ãƒãƒˆ ã‚¤ã‚ªãƒª,Yamato Iori,.LIVE,,90500,292
UCyIcOCH-VWaRKH9IkR8hz7Q,èŠ±ä¸¸ã¯ã‚Œã‚‹ / Hareru Hanamaru,Hanamaru Hareru,Independents,,46100,147
UCyLGcqYs7RsBb3L0SJfzGYA,èŠ±èŠ½ã™ã¿ã‚Œ,Sumire Kaga,VSpo,,160000,287
UCYm8zALd2uHqyy6C1tb4_zA,loveã¡ã‚ƒã‚“ã­ã‚‹,Love-chan,Kizuna Ai Inc.,,61300,226
UCyO7wyh07pYJaZk51OV75bA,ã€SUBã€‘96NEKO-CHANNEL,Kuroki Natsume,Independents,,280000,233
UCYOjhswZ0y5KYoLdMNR5QvQ,Nemea CH.ä¼Šç¹”ã­ã‚ã‚,Iori Nemea,Hoshimeguri Gakuen,,4080,36
UCyTw66xE5YkeTL2YduA69QQ,ã¿ã¿ã¿ch / æ¹ŠéŸ³ã¿ãªã¿,Minato Minami,ReACT,,8120,352
UCyZZMKRn-mUEkPzaqa9b6bg,KITSUNEKON,KON,Independents,,21500,553
UCZ1WJDkMNiZ_QwHnNrVf7Pw,ã‚‚ã¡ã²ã‚ˆã“,Mochi Hiyoko,Independents,,74600,344
UCz6Gi81kE6p5cdW1rT0ixqw,ã‚‚ã“ã‚ã‚*channel,Mokota Mememe,.LIVE,,156000,349
UCz6vnIbgiqFT9xUcD6Bp65Q,ChroNoiR,ChroNoiR,Independents,,296000,35
UC-Z8ZmHmvv_5tinNQSDw0xg,Rosuuri,Rosuuri,Atelier Live,,14800,29
UCZk6mxfTpjuuxgqxuFBJO_g,ãˆã‚“ã‹ãšã€ç‰©ç†ã‚¨ãƒ³ã‚¸ãƒ³æ¤œè¨¼ã€‘,Engine Kazumi,Independents,,,1
UCzKkwB84Y0ql0EvyOWRSkEw,Nabi Ch. è’¼å½©ãªã³,Aoi Nabi,Independents,,228000,13
UC--zuEfONeFXPvLqX0Kvbuw,æ¾æ°¸ä¾ç¹” / IORI MATSUNAGA,Iori Matsunaga,Riot Music,,29100,27
UCZYyhgoV314CM14zBD6vd4A,ãƒãƒ¼ãƒãƒ£ãƒ«å‚µå‹™è€…youtuberå¤©é–‹å¸,Tenkai Tsukasa,Independents,,229000,1147
